http://www.safehomealabama.gov/SHAHome.aspx;
http://www.safehomealabama.gov/login.aspx?ReturnUrl=%2fSHAHome.aspx;
http://www.safehomealabama.gov/ServiceGroups/AAATSF.aspx;
http://www.safehomealabama.gov/ServiceGroups/AASHTO.aspx;
http://www.safehomealabama.gov/ServiceGroups/ATA.aspx;
http://www.safehomealabama.gov/ServiceGroups/ATSIP.aspx;
http://www.safehomealabama.gov/ServiceGroups/GHSA.aspx;
http://www.safehomealabama.gov/ServiceGroups/IIHS.aspx;
http://www.safehomealabama.gov/ServiceGroups/MADD.aspx;
http://www.safehomealabama.gov/ServiceGroups/NationalSafetyCouncilofAL.aspx;
http://www.safehomealabama.gov/ServiceGroups/OperationLifesaver.aspx;
http://www.safehomealabama.gov/ServiceGroups/SADD.aspx;
http://www.safehomealabama.gov/ServiceGroups/SALTEENS.aspx;
http://www.safehomealabama.gov/ServiceGroups/StruckByAlliance.aspx;
http://www.safehomealabama.gov/ServiceGroups/TrafficSafetyCoalition.aspx;
http://www.safehomealabama.gov/GovernmentAgencies/StateAgencies.aspx;
http://www.safehomealabama.gov/GovernmentAgencies/StateAgencies/ACCA.aspx;
http://www.safehomealabama.gov/GovernmentAgencies/StateAgencies/ADECA.aspx;
http://www.safehomealabama.gov/GovernmentAgencies/StateAgencies/ADOR.aspx;
http://www.safehomealabama.gov/GovernmentAgencies/StateAgencies/ADPH.aspx;
http://www.safehomealabama.gov/GovernmentAgencies/StateAgencies/AlabamaTrafficSafetyResourceProsecutor(ATSRP).aspx;
http://www.safehomealabama.gov/GovernmentAgencies/StateAgencies/ALEA.aspx;
http://www.safehomealabama.gov/GovernmentAgencies/StateAgencies/ALLegislature.aspx;
http://www.safehomealabama.gov/GovernmentAgencies/StateAgencies/ALDOT.aspx;
http://www.safehomealabama.gov/GovernmentAgencies/StateAgencies/AOC.aspx;
http://www.safehomealabama.gov/GovernmentAgencies/StateAgencies/OtherStates.aspx;
http://www.safehomealabama.gov/GovernmentAgencies/FederalAgencies.aspx;
http://www.safehomealabama.gov/GovernmentAgencies/FederalAgencies/FHWA.aspx;
http://www.safehomealabama.gov/GovernmentAgencies/FederalAgencies/FMCSA.aspx;
http://www.safehomealabama.gov/GovernmentAgencies/FederalAgencies/NHTSA.aspx;
http://www.safehomealabama.gov/GovernmentAgencies/FederalAgencies/USDOTVolpeCenter.aspx;
http://www.safehomealabama.gov/Universities/AUALT2(Auburn).aspx;
http://www.safehomealabama.gov/Universities/ATSC(Montevallo).aspx;
http://www.safehomealabama.gov/Universities/CAPS(UA).aspx;
http://www.safehomealabama.gov/Universities/ICRCUTC(UAB).aspx;
http://www.safehomealabama.gov/Universities/UTCA(UA).aspx;
http://www.safehomealabama.gov/SafetyTopics/Age/SeniorDriverIssues.aspx;
http://www.safehomealabama.gov/SafetyTopics/Age/YoungDriverIssues.aspx;
http://www.safehomealabama.gov/SafetyTopics/Age/Children.aspx;
http://www.safehomealabama.gov/SafetyTopics/Conferences/SHASummit.aspx;
http://www.safehomealabama.gov/SafetyTopics/Deer.aspx;
http://www.safehomealabama.gov/SafetyTopics/DriverIssues/CellPhoneBlocking.aspx;
http://www.safehomealabama.gov/SafetyTopics/DriverIssues/DistractedDriving.aspx;
http://www.safehomealabama.gov/SafetyTopics/DriverIssues/ImpairedDriving.aspx;
http://www.safehomealabama.gov/SafetyTopics/DriverIssues/DrowsyDriving.aspx;
http://www.safehomealabama.gov/SafetyTopics/EbolaandTransportation.aspx;
http://www.safehomealabama.gov/SafetyTopics/EducationandTraining/DriversEducation.aspx;
http://www.safehomealabama.gov/SafetyTopics/EducationandTraining/K9ChildSafety.aspx;
http://www.safehomealabama.gov/SafetyTopics/EducationandTraining/SafeRoutestoSchool.aspx;
http://www.safehomealabama.gov/SafetyTopics/EmergencyMedicalServices(EMS).aspx;
http://www.safehomealabama.gov/SafetyTopics/Enforcement/ChildSafetySeats.aspx;
http://www.safehomealabama.gov/SafetyTopics/Enforcement/ClickItorTicket.aspx;
http://www.safehomealabama.gov/SafetyTopics/Enforcement/EnforcementStudies.aspx;
http://www.safehomealabama.gov/SafetyTopics/Enforcement/SelectiveEnforcement.aspx;
http://www.safehomealabama.gov/SafetyTopics/Enforcement/TACTDPSPrograms.aspx;
http://www.safehomealabama.gov/SafetyTopics/GeneralTrafficSafety.aspx;
http://www.safehomealabama.gov/SafetyTopics/Pedestrians.aspx;
http://www.safehomealabama.gov/SafetyTopics/Restraints/ChildSafetySeats.aspx;
http://www.safehomealabama.gov/SafetyTopics/Restraints/SafetyBelts.aspx;
http://www.safehomealabama.gov/SafetyTopics/VehicleSpecific/ATVs.aspx;
http://www.safehomealabama.gov/SafetyTopics/VehicleSpecific/Bicycles.aspx;
http://www.safehomealabama.gov/SafetyTopics/VehicleSpecific/LargeTruckandCMVs.aspx;
http://www.safehomealabama.gov/SafetyTopics/VehicleSpecific/Motorcycles.aspx;
http://www.safehomealabama.gov/ServiceGroupsO/OperationLifesaverO.aspx;
http://www.safehomealabama.gov/SafetyTopics/VehicleSpecific/SchoolBusStudies.aspx;
http://www.safehomealabama.gov/SafetyTopics/VehicleSpecific/ThreeWheeledAutocycles.aspx;
http://www.safehomealabama.gov/SafetyTopics/VehicleSpecific/VehicleIssuesRecalls.aspx;
http://www.safehomealabama.gov/SafetyTopics/VehicleSpecific/VehicleTechnology.aspx;
http://www.safehomealabama.gov/SafetyTopics/Weather.aspx;
http://www.safehomealabama.gov/PlansAnalysis/ALStrategicHighwaySafetyPlan(SHSP).aspx;
http://www.safehomealabama.gov/PlansAnalysis/CAREeCrash.aspx;
http://www.safehomealabama.gov/PlansAnalysis/CrashFacts.aspx;
http://www.safehomealabama.gov/PlansAnalysis/Demographics.aspx;
http://www.safehomealabama.gov/PlansAnalysis/eCite.aspx;
http://www.safehomealabama.gov/PlansAnalysis/FARSandALFatalities.aspx;
http://www.safehomealabama.gov/PlansAnalysis/Holidays.aspx;
http://www.safehomealabama.gov/PlansAnalysis/IHSDMHSM.aspx;
http://www.safehomealabama.gov/PlansAnalysis/NonTrafficCrashStats.aspx;
http://www.safehomealabama.gov/PlansAnalysis/RoadImprovements.aspx;
http://www.safehomealabama.gov/PlansAnalysis/StateDataLinks.aspx;
http://www.safehomealabama.gov/PlansAnalysis/TRCC.aspx;
http://www.safehomealabama.gov/PlansAnalysis/WorkZones.aspx;
http://www.safehomealabama.gov/LinkClick.aspx?link=http%3a%2f%2fwww.safehomealabama.gov%2fSafetyTopics%2fDriverIssues%2fDistractedDriving.aspx&tabid=181&portalid=0&mid=1180;
http://www.safehomealabama.gov/LinkClick.aspx?link=http%3a%2f%2fwww.safehomealabama.gov%2fSafetyTopics%2fVehicleSpecific%2fVehicleIssuesRecalls.aspx&tabid=181&portalid=0&mid=1180;
http://www.safehomealabama.gov/LinkClick.aspx?link=http%3a%2f%2fwww.safehomealabama.gov%2fSafetyTopics%2fVehicleSpecific%2fLargeTruckandCMVs.aspx&tabid=181&portalid=0&mid=1180;
http://www.safehomealabama.gov/LinkClick.aspx?link=http%3a%2f%2fwww.safehomealabama.gov%2fSafetyTopics%2fDriverIssues%2fImpairedDriving.aspx&tabid=181&portalid=0&mid=1180;
http://www.safehomealabama.gov/LinkClick.aspx?link=http%3a%2f%2fwww.safehomealabama.gov%2fSafetyTopics%2fVehicleSpecific%2fVehicleTechnology.aspx&tabid=181&portalid=0&mid=1180;
http://www.safehomealabama.gov/privacy.aspx;
http://www.safehomealabama.gov/terms.aspx;
http://www.safehomealabama.gov/login.aspx?ReturnUrl=%2flogin.aspx%3fReturnUrl%3d%252fSHAHome.aspx;
http://www.safehomealabama.gov/SHAHome/tabid/181/ctl/SendPassword/Default.aspx?returnurl=http://www.safehomealabama.gov/SHAHome.aspx;
http://www.safehomealabama.gov/login.aspx?ReturnUrl=%2fServiceGroups%2fAAATSF.aspx;
http://www.safehomealabama.gov/login.aspx?ReturnUrl=%2fServiceGroups%2fAASHTO.aspx;
http://www.safehomealabama.gov/login.aspx?ReturnUrl=%2fServiceGroups%2fATA.aspx;
http://www.safehomealabama.gov/LinkClick.aspx?link=http%3a%2f%2fwww.safehomealabama.gov%2fLinkClick.aspx%3ffileticket%3drYT9W9FDPqU%253d%26tabid%3d319%26portalid%3d0%26mid%3d1817&tabid=220&portalid=0&mid=1204;
http://www.safehomealabama.gov/LinkClick.aspx?link=http%3a%2f%2fwww.safehomealabama.gov%2fLinkClick.aspx%3flink%3dhttp%253a%252f%252fwww.landlinemag.com%252fStory.aspx%253fStoryID%253d30344%2523.VrDwoDjSnb1%26tabid%3d319%26portalid%3d0%26mid%3d1842&tabid=220&portalid=0&mid=1204;
http://www.safehomealabama.gov/LinkClick.aspx?link=http%3a%2f%2fwww.safehomealabama.gov%2fLinkClick.aspx%3ffileticket%3dcty-RXnWoUQ%253d%26tabid%3d319%26portalid%3d0%26mid%3d1817&tabid=220&portalid=0&mid=1205;
http://www.safehomealabama.gov/login.aspx?ReturnUrl=%2fServiceGroups%2fATSIP.aspx;
http://www.safehomealabama.gov/login.aspx?ReturnUrl=%2fServiceGroups%2fGHSA.aspx;
http://www.safehomealabama.gov/login.aspx?ReturnUrl=%2fServiceGroups%2fIIHS.aspx;
http://www.safehomealabama.gov/LinkClick.aspx?fileticket=pXG7zlMZaf8%3d&tabid=232&portalid=0&mid=1217;
http://www.safehomealabama.gov/login.aspx?ReturnUrl=%2fServiceGroups%2fMADD.aspx;
http://www.safehomealabama.gov/login.aspx?ReturnUrl=%2fServiceGroups%2fNationalSafetyCouncilofAL.aspx;
http://www.safehomealabama.gov/login.aspx?ReturnUrl=%2fServiceGroups%2fOperationLifesaver.aspx;
http://www.safehomealabama.gov/login.aspx?ReturnUrl=%2fServiceGroups%2fSADD.aspx;
http://www.safehomealabama.gov/login.aspx?ReturnUrl=%2fServiceGroups%2fSALTEENS.aspx;
http://www.safehomealabama.gov/login.aspx?ReturnUrl=%2fServiceGroups%2fStruckByAlliance.aspx;
http://www.safehomealabama.gov/login.aspx?ReturnUrl=%2fServiceGroups%2fTrafficSafetyCoalition.aspx;
http://www.safehomealabama.gov/login.aspx?ReturnUrl=%2fGovernmentAgencies%2fStateAgencies.aspx;
http://www.safehomealabama.gov/login.aspx?ReturnUrl=%2fGovernmentAgencies%2fStateAgencies%2fACCA.aspx;
http://www.safehomealabama.gov/login.aspx?ReturnUrl=%2fGovernmentAgencies%2fStateAgencies%2fADECA.aspx;
http://www.safehomealabama.gov/login.aspx?ReturnUrl=%2fGovernmentAgencies%2fStateAgencies%2fADOR.aspx;
http://www.safehomealabama.gov/login.aspx?ReturnUrl=%2fGovernmentAgencies%2fStateAgencies%2fADPH.aspx;
http://www.safehomealabama.gov/login.aspx?ReturnUrl=%2fGovernmentAgencies%2fStateAgencies%2fAlabamaTrafficSafetyResourceProsecutor(ATSRP).aspx;
http://www.safehomealabama.gov/login.aspx?ReturnUrl=%2fGovernmentAgencies%2fStateAgencies%2fALEA.aspx;
http://www.safehomealabama.gov/login.aspx?ReturnUrl=%2fGovernmentAgencies%2fStateAgencies%2fALLegislature.aspx;
http://www.safehomealabama.gov/login.aspx?ReturnUrl=%2fGovernmentAgencies%2fStateAgencies%2fALDOT.aspx;
http://www.safehomealabama.gov/login.aspx?ReturnUrl=%2fGovernmentAgencies%2fStateAgencies%2fAOC.aspx;
http://www.safehomealabama.gov/login.aspx?ReturnUrl=%2fGovernmentAgencies%2fStateAgencies%2fOtherStates.aspx;
http://www.safehomealabama.gov/login.aspx?ReturnUrl=%2fGovernmentAgencies%2fFederalAgencies.aspx;
http://www.safehomealabama.gov/login.aspx?ReturnUrl=%2fGovernmentAgencies%2fFederalAgencies%2fFHWA.aspx;
http://www.safehomealabama.gov/login.aspx?ReturnUrl=%2fGovernmentAgencies%2fFederalAgencies%2fFMCSA.aspx;
http://www.safehomealabama.gov/login.aspx?ReturnUrl=%2fGovernmentAgencies%2fFederalAgencies%2fNHTSA.aspx;
http://www.safehomealabama.gov/login.aspx?ReturnUrl=%2fGovernmentAgencies%2fFederalAgencies%2fUSDOTVolpeCenter.aspx;
http://www.safehomealabama.gov/login.aspx?ReturnUrl=%2fUniversities%2fAUALT2(Auburn).aspx;
http://www.safehomealabama.gov/login.aspx?ReturnUrl=%2fUniversities%2fATSC(Montevallo).aspx;
http://www.safehomealabama.gov/login.aspx?ReturnUrl=%2fUniversities%2fCAPS(UA).aspx;
http://www.safehomealabama.gov/login.aspx?ReturnUrl=%2fUniversities%2fICRCUTC(UAB).aspx;
http://www.safehomealabama.gov/login.aspx?ReturnUrl=%2fUniversities%2fUTCA(UA).aspx;
http://www.safehomealabama.gov/login.aspx?ReturnUrl=%2fSafetyTopics%2fAge%2fSeniorDriverIssues.aspx;
http://www.safehomealabama.gov/LinkClick.aspx?link=http%3a%2f%2fwww.safehomealabama.gov%2fLinkClick.aspx%3ffileticket%3dgMundme2tF0%253d%26tabid%3d267%26portalid%3d0%26mid%3d1440&tabid=267&portalid=0&mid=1441;
http://www.safehomealabama.gov/LinkClick.aspx?link=http%3a%2f%2fwww.safehomealabama.gov%2fLinkClick.aspx%3ffileticket%3d_GL9jx__hc8%253d%26tabid%3d267%26portalid%3d0%26mid%3d1440&tabid=267&portalid=0&mid=1441;
http://www.safehomealabama.gov/login.aspx?ReturnUrl=%2fSafetyTopics%2fAge%2fYoungDriverIssues.aspx;
http://www.safehomealabama.gov/LinkClick.aspx?link=http%3a%2f%2fwww.safehomealabama.gov%2fLinkClick.aspx%3flink%3dhttp%253a%252f%252fwww.iihs.org%252fiihs%252ftopics%253fStateAbbr%253dAL%26tabid%3d269%26portalid%3d0%26mid%3d1443&tabid=269&portalid=0&mid=2013;
http://www.safehomealabama.gov/login.aspx?ReturnUrl=%2fSafetyTopics%2fAge%2fChildren.aspx;
http://www.safehomealabama.gov/login.aspx?ReturnUrl=%2fSafetyTopics%2fConferences%2fSHASummit.aspx;
http://www.safehomealabama.gov/login.aspx?ReturnUrl=%2fSafetyTopics%2fDeer.aspx;
http://www.safehomealabama.gov/login.aspx?ReturnUrl=%2fSafetyTopics%2fDriverIssues%2fCellPhoneBlocking.aspx;
http://www.safehomealabama.gov/login.aspx?ReturnUrl=%2fSafetyTopics%2fDriverIssues%2fDistractedDriving.aspx;
http://www.safehomealabama.gov/LinkClick.aspx?fileticket=ZZoWIKXV05A%3d&tabid=251&portalid=0&mid=1311;
http://www.safehomealabama.gov/LinkClick.aspx?fileticket=ymYNyBGNK68%3d&tabid=251&portalid=0&mid=1312;
http://www.safehomealabama.gov/login.aspx?ReturnUrl=%2fSafetyTopics%2fDriverIssues%2fImpairedDriving.aspx;
http://www.safehomealabama.gov/LinkClick.aspx?fileticket=HNi0P5UucA0%3d&tabid=253&portalid=0&mid=1314;
http://www.safehomealabama.gov/LinkClick.aspx?fileticket=2jsSgUMX40A%3d&tabid=253&portalid=0&mid=1315;
http://www.safehomealabama.gov/login.aspx?ReturnUrl=%2fSafetyTopics%2fDriverIssues%2fDrowsyDriving.aspx;
http://www.safehomealabama.gov/login.aspx?ReturnUrl=%2fSafetyTopics%2fEbolaandTransportation.aspx;
http://www.safehomealabama.gov/login.aspx?ReturnUrl=%2fSafetyTopics%2fEducationandTraining%2fDriversEducation.aspx;
http://www.safehomealabama.gov/login.aspx?ReturnUrl=%2fSafetyTopics%2fEducationandTraining%2fK9ChildSafety.aspx;
http://www.safehomealabama.gov/login.aspx?ReturnUrl=%2fSafetyTopics%2fEducationandTraining%2fSafeRoutestoSchool.aspx;
http://www.safehomealabama.gov/login.aspx?ReturnUrl=%2fSafetyTopics%2fEmergencyMedicalServices(EMS).aspx;
http://www.safehomealabama.gov/login.aspx?ReturnUrl=%2fSafetyTopics%2fEnforcement%2fChildSafetySeats.aspx;
http://www.safehomealabama.gov/login.aspx?ReturnUrl=%2fSafetyTopics%2fEnforcement%2fClickItorTicket.aspx;
http://www.safehomealabama.gov/login.aspx?ReturnUrl=%2fSafetyTopics%2fEnforcement%2fEnforcementStudies.aspx;
http://www.safehomealabama.gov/login.aspx?ReturnUrl=%2fSafetyTopics%2fEnforcement%2fSelectiveEnforcement.aspx;
http://www.safehomealabama.gov/login.aspx?ReturnUrl=%2fSafetyTopics%2fEnforcement%2fTACTDPSPrograms.aspx;
http://www.safehomealabama.gov/login.aspx?ReturnUrl=%2fSafetyTopics%2fGeneralTrafficSafety.aspx;
http://www.safehomealabama.gov/login.aspx?ReturnUrl=%2fSafetyTopics%2fPedestrians.aspx;
http://www.safehomealabama.gov/login.aspx?ReturnUrl=%2fSafetyTopics%2fRestraints%2fChildSafetySeats.aspx;
http://www.safehomealabama.gov/LinkClick.aspx?link=http%3a%2f%2fwww.safehomealabama.gov%2fLinkClick.aspx%3flink%3dhttps%253a%252f%252fwww.youtube.com%252fwatch%253fv%253d9uEfou4sJQ0%2526app%253ddesktop%26tabid%3d181%26portalid%3d0%26mid%2520%2520%2520%2520%3d809&tabid=249&portalid=0&mid=1176;
http://www.safehomealabama.gov/login.aspx?ReturnUrl=%2fSafetyTopics%2fRestraints%2fSafetyBelts.aspx;
http://www.safehomealabama.gov/login.aspx?ReturnUrl=%2fSafetyTopics%2fVehicleSpecific%2fATVs.aspx;
http://www.safehomealabama.gov/login.aspx?ReturnUrl=%2fSafetyTopics%2fVehicleSpecific%2fBicycles.aspx;
http://www.safehomealabama.gov/login.aspx?ReturnUrl=%2fSafetyTopics%2fVehicleSpecific%2fLargeTruckandCMVs.aspx;
http://www.safehomealabama.gov/login.aspx?ReturnUrl=%2fSafetyTopics%2fVehicleSpecific%2fMotorcycles.aspx;
http://www.safehomealabama.gov/Portals/0/Downloads/MotorCycles%202011%20Data.PDF;
http://www.safehomealabama.gov/login.aspx?ReturnUrl=%2fSafetyTopics%2fVehicleSpecific%2fSchoolBusStudies.aspx;
http://www.safehomealabama.gov/login.aspx?ReturnUrl=%2fSafetyTopics%2fVehicleSpecific%2fThreeWheeledAutocycles.aspx;
http://www.safehomealabama.gov/login.aspx?ReturnUrl=%2fSafetyTopics%2fVehicleSpecific%2fVehicleIssuesRecalls.aspx;
http://www.safehomealabama.gov/login.aspx?ReturnUrl=%2fSafetyTopics%2fVehicleSpecific%2fVehicleTechnology.aspx;
http://www.safehomealabama.gov/login.aspx?ReturnUrl=%2fSafetyTopics%2fWeather.aspx;
http://www.safehomealabama.gov/LinkClick.aspx?link=http%3a%2f%2fwww.safehomealabama.gov%2fLinkClick.aspx%3ffileticket%3dOK4Ia4FIiz0%253d%26tabid%3d307%26portalid%3d0%26mid%3d1437&tabid=307&portalid=0&mid=1436;
http://www.safehomealabama.gov/login.aspx?ReturnUrl=%2fPlansAnalysis%2fALStrategicHighwaySafetyPlan(SHSP).aspx;
http://www.safehomealabama.gov/login.aspx?ReturnUrl=%2fPlansAnalysis%2fCAREeCrash.aspx;
http://www.safehomealabama.gov/login.aspx?ReturnUrl=%2fPlansAnalysis%2fCrashFacts.aspx;
http://www.safehomealabama.gov/LinkClick.aspx?link=http%3a%2f%2fwww.safehomealabama.gov%2fLinkClick.aspx%3ffileticket%3dI8zDqNIL9JQ%253d%26tabid%3d272%26portalid%3d0%26mid%3d1340&tabid=272&portalid=0&mid=1339;
http://www.safehomealabama.gov/login.aspx?ReturnUrl=%2fPlansAnalysis%2fDemographics.aspx;
http://www.safehomealabama.gov/LinkClick.aspx?link=http%3a%2f%2fwww.safehomealabama.gov%2fLinkClick.aspx%3ffileticket%3dsBjwRRrMmic%253d%26tabid%3d273%26portalid%3d0%26mid%3d1341&tabid=273&portalid=0&mid=1343;
http://www.safehomealabama.gov/login.aspx?ReturnUrl=%2fPlansAnalysis%2feCite.aspx;
http://www.safehomealabama.gov/login.aspx?ReturnUrl=%2fPlansAnalysis%2fFARSandALFatalities.aspx;
http://www.safehomealabama.gov/Portals/0/PDF/Estimate%20of%20Motor%20Vehicle%20Traffic.PDF;
http://www.safehomealabama.gov/Portals/0/PDF/Quick%20Facts%202011.PDF;
http://www.safehomealabama.gov/login.aspx?ReturnUrl=%2fPlansAnalysis%2fHolidays.aspx;
http://www.safehomealabama.gov/login.aspx?ReturnUrl=%2fPlansAnalysis%2fIHSDMHSM.aspx;
http://www.safehomealabama.gov/login.aspx?ReturnUrl=%2fPlansAnalysis%2fNonTrafficCrashStats.aspx;
http://www.safehomealabama.gov/login.aspx?ReturnUrl=%2fPlansAnalysis%2fRoadImprovements.aspx;
http://www.safehomealabama.gov/LinkClick.aspx?link=http%3a%2f%2fwww.safehomealabama.gov%2fLinkClick.aspx%3ffileticket%3dZYUUmo4g2_U%253d%26tabid%3d277%26portalid%3d0%26mid%3d1350&tabid=277&portalid=0&mid=1351;
http://www.safehomealabama.gov/LinkClick.aspx?link=http%3a%2f%2fwww.safehomealabama.gov%2fLinkClick.aspx%3ffileticket%3d5ovI0P4vHQA%253d%26tabid%3d277%26portalid%3d0%26mid%3d1350&tabid=277&portalid=0&mid=1351;
http://www.safehomealabama.gov/LinkClick.aspx?link=http%3a%2f%2fwww.safehomealabama.gov%2fLinkClick.aspx%3ffileticket%3dt9e5960_k7o%253d%26tabid%3d277%26portalid%3d0%26mid%3d1350&tabid=277&portalid=0&mid=1351;
http://www.safehomealabama.gov/LinkClick.aspx?link=http%3a%2f%2fwww.safehomealabama.gov%2fLinkClick.aspx%3ffileticket%3dmQU89ZxrCfM%253d%26tabid%3d277%26portalid%3d0%26mid%3d1350&tabid=277&portalid=0&mid=1351;
http://www.safehomealabama.gov/LinkClick.aspx?link=http%3a%2f%2fwww.safehomealabama.gov%2fLinkClick.aspx%3ffileticket%3dTfFcZkpGEFQ%253d%26tabid%3d277%26portalid%3d0%26mid%3d1350&tabid=277&portalid=0&mid=1352;
http://www.safehomealabama.gov/LinkClick.aspx?link=http%3a%2f%2fwww.safehomealabama.gov%2fLinkClick.aspx%3ffileticket%3dGD0LfxQ6gjc%253d%26tabid%3d277%26portalid%3d0%26mid%3d1350&tabid=277&portalid=0&mid=1352;
http://www.safehomealabama.gov/login.aspx?ReturnUrl=%2fPlansAnalysis%2fStateDataLinks.aspx;
http://www.safehomealabama.gov/login.aspx?ReturnUrl=%2fPlansAnalysis%2fTRCC.aspx;
http://www.safehomealabama.gov/login.aspx?ReturnUrl=%2fPlansAnalysis%2fWorkZones.aspx;
http://www.safehomealabama.gov/login.aspx?ReturnUrl=%2fterms.aspx;
http://www.safehomealabama.gov/login.aspx?ReturnUrl=%2flogin.aspx%3fReturnUrl%3d%252flogin.aspx%253fReturnUrl%253d%25252fSHAHome.aspx;
http://www.safehomealabama.gov/login.aspx?ReturnUrl=%2fSHAHome%2ftabid%2f181%2fctl%2fSendPassword%2fDefault.aspx;
http://www.safehomealabama.gov/login.aspx?ReturnUrl=%2flogin.aspx%3fReturnUrl%3d%252fServiceGroups%252fAAATSF.aspx;
http://www.safehomealabama.gov/login.aspx?ReturnUrl=%2flogin.aspx%3fReturnUrl%3d%252fServiceGroups%252fAASHTO.aspx;
http://www.safehomealabama.gov/login.aspx?ReturnUrl=%2flogin.aspx%3fReturnUrl%3d%252fServiceGroups%252fATA.aspx;
http://www.safehomealabama.gov/login.aspx?ReturnUrl=%2flogin.aspx%3fReturnUrl%3d%252fServiceGroups%252fATSIP.aspx;
http://www.safehomealabama.gov/login.aspx?ReturnUrl=%2flogin.aspx%3fReturnUrl%3d%252fServiceGroups%252fGHSA.aspx;
http://www.safehomealabama.gov/login.aspx?ReturnUrl=%2flogin.aspx%3fReturnUrl%3d%252fServiceGroups%252fIIHS.aspx;
http://www.safehomealabama.gov/login.aspx?ReturnUrl=%2flogin.aspx%3fReturnUrl%3d%252fServiceGroups%252fMADD.aspx;
http://www.safehomealabama.gov/login.aspx?ReturnUrl=%2flogin.aspx%3fReturnUrl%3d%252fServiceGroups%252fNationalSafetyCouncilofAL.aspx;
http://www.safehomealabama.gov/login.aspx?ReturnUrl=%2flogin.aspx%3fReturnUrl%3d%252fServiceGroups%252fOperationLifesaver.aspx;
http://www.safehomealabama.gov/login.aspx?ReturnUrl=%2flogin.aspx%3fReturnUrl%3d%252fServiceGroups%252fSADD.aspx;
http://www.safehomealabama.gov/login.aspx?ReturnUrl=%2flogin.aspx%3fReturnUrl%3d%252fServiceGroups%252fSALTEENS.aspx;
http://www.safehomealabama.gov/login.aspx?ReturnUrl=%2flogin.aspx%3fReturnUrl%3d%252fServiceGroups%252fStruckByAlliance.aspx;
http://www.safehomealabama.gov/login.aspx?ReturnUrl=%2flogin.aspx%3fReturnUrl%3d%252fServiceGroups%252fTrafficSafetyCoalition.aspx;
http://www.safehomealabama.gov/login.aspx?ReturnUrl=%2flogin.aspx%3fReturnUrl%3d%252fGovernmentAgencies%252fStateAgencies.aspx;
http://www.safehomealabama.gov/login.aspx?ReturnUrl=%2flogin.aspx%3fReturnUrl%3d%252fGovernmentAgencies%252fStateAgencies%252fACCA.aspx;
http://www.safehomealabama.gov/login.aspx?ReturnUrl=%2flogin.aspx%3fReturnUrl%3d%252fGovernmentAgencies%252fStateAgencies%252fADECA.aspx;
http://www.safehomealabama.gov/login.aspx?ReturnUrl=%2flogin.aspx%3fReturnUrl%3d%252fGovernmentAgencies%252fStateAgencies%252fADOR.aspx;
http://www.safehomealabama.gov/login.aspx?ReturnUrl=%2flogin.aspx%3fReturnUrl%3d%252fGovernmentAgencies%252fStateAgencies%252fADPH.aspx;
http://www.safehomealabama.gov/login.aspx?ReturnUrl=%2flogin.aspx%3fReturnUrl%3d%252fGovernmentAgencies%252fStateAgencies%252fAlabamaTrafficSafetyResourceProsecutor(ATSRP).aspx;
http://www.safehomealabama.gov/login.aspx?ReturnUrl=%2flogin.aspx%3fReturnUrl%3d%252fGovernmentAgencies%252fStateAgencies%252fALEA.aspx;
http://www.safehomealabama.gov/login.aspx?ReturnUrl=%2flogin.aspx%3fReturnUrl%3d%252fGovernmentAgencies%252fStateAgencies%252fALLegislature.aspx;
http://www.safehomealabama.gov/login.aspx?ReturnUrl=%2flogin.aspx%3fReturnUrl%3d%252fGovernmentAgencies%252fStateAgencies%252fALDOT.aspx;
http://www.safehomealabama.gov/login.aspx?ReturnUrl=%2flogin.aspx%3fReturnUrl%3d%252fGovernmentAgencies%252fStateAgencies%252fAOC.aspx;
http://www.safehomealabama.gov/login.aspx?ReturnUrl=%2flogin.aspx%3fReturnUrl%3d%252fGovernmentAgencies%252fStateAgencies%252fOtherStates.aspx;
http://www.safehomealabama.gov/login.aspx?ReturnUrl=%2flogin.aspx%3fReturnUrl%3d%252fGovernmentAgencies%252fFederalAgencies.aspx;
http://www.safehomealabama.gov/login.aspx?ReturnUrl=%2flogin.aspx%3fReturnUrl%3d%252fGovernmentAgencies%252fFederalAgencies%252fFHWA.aspx;
http://www.safehomealabama.gov/login.aspx?ReturnUrl=%2flogin.aspx%3fReturnUrl%3d%252fGovernmentAgencies%252fFederalAgencies%252fFMCSA.aspx;
http://www.safehomealabama.gov/login.aspx?ReturnUrl=%2flogin.aspx%3fReturnUrl%3d%252fGovernmentAgencies%252fFederalAgencies%252fNHTSA.aspx;
http://www.safehomealabama.gov/login.aspx?ReturnUrl=%2flogin.aspx%3fReturnUrl%3d%252fGovernmentAgencies%252fFederalAgencies%252fUSDOTVolpeCenter.aspx;
http://www.safehomealabama.gov/login.aspx?ReturnUrl=%2flogin.aspx%3fReturnUrl%3d%252fUniversities%252fAUALT2(Auburn).aspx;
http://www.safehomealabama.gov/login.aspx?ReturnUrl=%2flogin.aspx%3fReturnUrl%3d%252fUniversities%252fATSC(Montevallo).aspx;
http://www.safehomealabama.gov/login.aspx?ReturnUrl=%2flogin.aspx%3fReturnUrl%3d%252fUniversities%252fCAPS(UA).aspx;
http://www.safehomealabama.gov/login.aspx?ReturnUrl=%2flogin.aspx%3fReturnUrl%3d%252fUniversities%252fICRCUTC(UAB).aspx;
http://www.safehomealabama.gov/login.aspx?ReturnUrl=%2flogin.aspx%3fReturnUrl%3d%252fUniversities%252fUTCA(UA).aspx;
http://www.safehomealabama.gov/login.aspx?ReturnUrl=%2flogin.aspx%3fReturnUrl%3d%252fSafetyTopics%252fAge%252fSeniorDriverIssues.aspx;
http://www.safehomealabama.gov/login.aspx?ReturnUrl=%2flogin.aspx%3fReturnUrl%3d%252fSafetyTopics%252fAge%252fYoungDriverIssues.aspx;
http://www.safehomealabama.gov/login.aspx?ReturnUrl=%2flogin.aspx%3fReturnUrl%3d%252fSafetyTopics%252fAge%252fChildren.aspx;
http://www.safehomealabama.gov/login.aspx?ReturnUrl=%2flogin.aspx%3fReturnUrl%3d%252fSafetyTopics%252fConferences%252fSHASummit.aspx;
http://www.safehomealabama.gov/login.aspx?ReturnUrl=%2flogin.aspx%3fReturnUrl%3d%252fSafetyTopics%252fDeer.aspx;
http://www.safehomealabama.gov/login.aspx?ReturnUrl=%2flogin.aspx%3fReturnUrl%3d%252fSafetyTopics%252fDriverIssues%252fCellPhoneBlocking.aspx;
http://www.safehomealabama.gov/login.aspx?ReturnUrl=%2flogin.aspx%3fReturnUrl%3d%252fSafetyTopics%252fDriverIssues%252fDistractedDriving.aspx;
http://www.safehomealabama.gov/login.aspx?ReturnUrl=%2flogin.aspx%3fReturnUrl%3d%252fSafetyTopics%252fDriverIssues%252fImpairedDriving.aspx;
http://www.safehomealabama.gov/login.aspx?ReturnUrl=%2flogin.aspx%3fReturnUrl%3d%252fSafetyTopics%252fDriverIssues%252fDrowsyDriving.aspx;
http://www.safehomealabama.gov/login.aspx?ReturnUrl=%2flogin.aspx%3fReturnUrl%3d%252fSafetyTopics%252fEbolaandTransportation.aspx;
http://www.safehomealabama.gov/login.aspx?ReturnUrl=%2flogin.aspx%3fReturnUrl%3d%252fSafetyTopics%252fEducationandTraining%252fDriversEducation.aspx;
http://www.safehomealabama.gov/login.aspx?ReturnUrl=%2flogin.aspx%3fReturnUrl%3d%252fSafetyTopics%252fEducationandTraining%252fK9ChildSafety.aspx;
http://www.safehomealabama.gov/login.aspx?ReturnUrl=%2flogin.aspx%3fReturnUrl%3d%252fSafetyTopics%252fEducationandTraining%252fSafeRoutestoSchool.aspx;
http://www.safehomealabama.gov/login.aspx?ReturnUrl=%2flogin.aspx%3fReturnUrl%3d%252fSafetyTopics%252fEmergencyMedicalServices(EMS).aspx;
http://www.safehomealabama.gov/login.aspx?ReturnUrl=%2flogin.aspx%3fReturnUrl%3d%252fSafetyTopics%252fEnforcement%252fChildSafetySeats.aspx;
http://www.safehomealabama.gov/login.aspx?ReturnUrl=%2flogin.aspx%3fReturnUrl%3d%252fSafetyTopics%252fEnforcement%252fClickItorTicket.aspx;
http://www.safehomealabama.gov/login.aspx?ReturnUrl=%2flogin.aspx%3fReturnUrl%3d%252fSafetyTopics%252fEnforcement%252fEnforcementStudies.aspx;
http://www.safehomealabama.gov/login.aspx?ReturnUrl=%2flogin.aspx%3fReturnUrl%3d%252fSafetyTopics%252fEnforcement%252fSelectiveEnforcement.aspx;
http://www.safehomealabama.gov/login.aspx?ReturnUrl=%2flogin.aspx%3fReturnUrl%3d%252fSafetyTopics%252fEnforcement%252fTACTDPSPrograms.aspx;
http://www.safehomealabama.gov/login.aspx?ReturnUrl=%2flogin.aspx%3fReturnUrl%3d%252fSafetyTopics%252fGeneralTrafficSafety.aspx;
http://www.safehomealabama.gov/login.aspx?ReturnUrl=%2flogin.aspx%3fReturnUrl%3d%252fSafetyTopics%252fPedestrians.aspx;
http://www.safehomealabama.gov/login.aspx?ReturnUrl=%2flogin.aspx%3fReturnUrl%3d%252fSafetyTopics%252fRestraints%252fChildSafetySeats.aspx;
http://www.safehomealabama.gov/login.aspx?ReturnUrl=%2flogin.aspx%3fReturnUrl%3d%252fSafetyTopics%252fRestraints%252fSafetyBelts.aspx;
http://www.safehomealabama.gov/login.aspx?ReturnUrl=%2flogin.aspx%3fReturnUrl%3d%252fSafetyTopics%252fVehicleSpecific%252fATVs.aspx;
http://www.safehomealabama.gov/login.aspx?ReturnUrl=%2flogin.aspx%3fReturnUrl%3d%252fSafetyTopics%252fVehicleSpecific%252fBicycles.aspx;
http://www.safehomealabama.gov/login.aspx?ReturnUrl=%2flogin.aspx%3fReturnUrl%3d%252fSafetyTopics%252fVehicleSpecific%252fLargeTruckandCMVs.aspx;
http://www.safehomealabama.gov/login.aspx?ReturnUrl=%2flogin.aspx%3fReturnUrl%3d%252fSafetyTopics%252fVehicleSpecific%252fMotorcycles.aspx;
http://www.safehomealabama.gov/login.aspx?ReturnUrl=%2flogin.aspx%3fReturnUrl%3d%252fSafetyTopics%252fVehicleSpecific%252fSchoolBusStudies.aspx;
http://www.safehomealabama.gov/login.aspx?ReturnUrl=%2flogin.aspx%3fReturnUrl%3d%252fSafetyTopics%252fVehicleSpecific%252fThreeWheeledAutocycles.aspx;
http://www.safehomealabama.gov/login.aspx?ReturnUrl=%2flogin.aspx%3fReturnUrl%3d%252fSafetyTopics%252fVehicleSpecific%252fVehicleIssuesRecalls.aspx;
http://www.safehomealabama.gov/login.aspx?ReturnUrl=%2flogin.aspx%3fReturnUrl%3d%252fSafetyTopics%252fVehicleSpecific%252fVehicleTechnology.aspx;
http://www.safehomealabama.gov/login.aspx?ReturnUrl=%2flogin.aspx%3fReturnUrl%3d%252fSafetyTopics%252fWeather.aspx;
http://www.safehomealabama.gov/login.aspx?ReturnUrl=%2flogin.aspx%3fReturnUrl%3d%252fPlansAnalysis%252fALStrategicHighwaySafetyPlan(SHSP).aspx;
http://www.safehomealabama.gov/login.aspx?ReturnUrl=%2flogin.aspx%3fReturnUrl%3d%252fPlansAnalysis%252fCAREeCrash.aspx;
http://www.safehomealabama.gov/login.aspx?ReturnUrl=%2flogin.aspx%3fReturnUrl%3d%252fPlansAnalysis%252fCrashFacts.aspx;
http://www.safehomealabama.gov/login.aspx?ReturnUrl=%2flogin.aspx%3fReturnUrl%3d%252fPlansAnalysis%252fDemographics.aspx;
http://www.safehomealabama.gov/login.aspx?ReturnUrl=%2flogin.aspx%3fReturnUrl%3d%252fPlansAnalysis%252feCite.aspx;
http://www.safehomealabama.gov/login.aspx?ReturnUrl=%2flogin.aspx%3fReturnUrl%3d%252fPlansAnalysis%252fFARSandALFatalities.aspx;
http://www.safehomealabama.gov/login.aspx?ReturnUrl=%2flogin.aspx%3fReturnUrl%3d%252fPlansAnalysis%252fHolidays.aspx;
http://www.safehomealabama.gov/login.aspx?ReturnUrl=%2flogin.aspx%3fReturnUrl%3d%252fPlansAnalysis%252fIHSDMHSM.aspx;
http://www.safehomealabama.gov/login.aspx?ReturnUrl=%2flogin.aspx%3fReturnUrl%3d%252fPlansAnalysis%252fNonTrafficCrashStats.aspx;
http://www.safehomealabama.gov/login.aspx?ReturnUrl=%2flogin.aspx%3fReturnUrl%3d%252fPlansAnalysis%252fRoadImprovements.aspx;
http://www.safehomealabama.gov/login.aspx?ReturnUrl=%2flogin.aspx%3fReturnUrl%3d%252fPlansAnalysis%252fStateDataLinks.aspx;
http://www.safehomealabama.gov/login.aspx?ReturnUrl=%2flogin.aspx%3fReturnUrl%3d%252fPlansAnalysis%252fTRCC.aspx;
http://www.safehomealabama.gov/login.aspx?ReturnUrl=%2flogin.aspx%3fReturnUrl%3d%252fPlansAnalysis%252fWorkZones.aspx;
http://www.safehomealabama.gov/login.aspx?ReturnUrl=%2flogin.aspx%3fReturnUrl%3d%252fterms.aspx;
http://www.safehomealabama.gov/login.aspx?ReturnUrl=%2flogin.aspx%3fReturnUrl%3d%252flogin.aspx%253fReturnUrl%253d%25252flogin.aspx%25253fReturnUrl%25253d%2525252fSHAHome.aspx;
http://www.safehomealabama.gov/login.aspx?ReturnUrl=%2flogin.aspx%3fReturnUrl%3d%252fSHAHome%252ftabid%252f181%252fctl%252fSendPassword%252fDefault.aspx;
http://www.safehomealabama.gov/login.aspx?ReturnUrl=%2flogin.aspx%3fReturnUrl%3d%252flogin.aspx%253fReturnUrl%253d%25252fServiceGroups%25252fAAATSF.aspx;
http://www.safehomealabama.gov/login.aspx?ReturnUrl=%2flogin.aspx%3fReturnUrl%3d%252flogin.aspx%253fReturnUrl%253d%25252fServiceGroups%25252fAASHTO.aspx;
http://www.safehomealabama.gov/login.aspx?ReturnUrl=%2flogin.aspx%3fReturnUrl%3d%252flogin.aspx%253fReturnUrl%253d%25252fServiceGroups%25252fATA.aspx;
http://www.safehomealabama.gov/login.aspx?ReturnUrl=%2flogin.aspx%3fReturnUrl%3d%252flogin.aspx%253fReturnUrl%253d%25252fServiceGroups%25252fATSIP.aspx;
http://www.safehomealabama.gov/login.aspx?ReturnUrl=%2flogin.aspx%3fReturnUrl%3d%252flogin.aspx%253fReturnUrl%253d%25252fServiceGroups%25252fGHSA.aspx;
http://www.safehomealabama.gov/login.aspx?ReturnUrl=%2flogin.aspx%3fReturnUrl%3d%252flogin.aspx%253fReturnUrl%253d%25252fServiceGroups%25252fIIHS.aspx;
http://www.safehomealabama.gov/login.aspx?ReturnUrl=%2flogin.aspx%3fReturnUrl%3d%252flogin.aspx%253fReturnUrl%253d%25252fServiceGroups%25252fMADD.aspx;
http://www.safehomealabama.gov/login.aspx?ReturnUrl=%2flogin.aspx%3fReturnUrl%3d%252flogin.aspx%253fReturnUrl%253d%25252fServiceGroups%25252fNationalSafetyCouncilofAL.aspx;
http://www.safehomealabama.gov/login.aspx?ReturnUrl=%2flogin.aspx%3fReturnUrl%3d%252flogin.aspx%253fReturnUrl%253d%25252fServiceGroups%25252fOperationLifesaver.aspx;
http://www.safehomealabama.gov/login.aspx?ReturnUrl=%2flogin.aspx%3fReturnUrl%3d%252flogin.aspx%253fReturnUrl%253d%25252fServiceGroups%25252fSADD.aspx;
http://www.safehomealabama.gov/login.aspx?ReturnUrl=%2flogin.aspx%3fReturnUrl%3d%252flogin.aspx%253fReturnUrl%253d%25252fServiceGroups%25252fSALTEENS.aspx;
http://www.safehomealabama.gov/login.aspx?ReturnUrl=%2flogin.aspx%3fReturnUrl%3d%252flogin.aspx%253fReturnUrl%253d%25252fServiceGroups%25252fStruckByAlliance.aspx;
http://www.safehomealabama.gov/login.aspx?ReturnUrl=%2flogin.aspx%3fReturnUrl%3d%252flogin.aspx%253fReturnUrl%253d%25252fServiceGroups%25252fTrafficSafetyCoalition.aspx;
http://www.safehomealabama.gov/login.aspx?ReturnUrl=%2flogin.aspx%3fReturnUrl%3d%252flogin.aspx%253fReturnUrl%253d%25252fGovernmentAgencies%25252fStateAgencies.aspx;
http://www.safehomealabama.gov/login.aspx?ReturnUrl=%2flogin.aspx%3fReturnUrl%3d%252flogin.aspx%253fReturnUrl%253d%25252fGovernmentAgencies%25252fStateAgencies%25252fACCA.aspx;
http://www.safehomealabama.gov/login.aspx?ReturnUrl=%2flogin.aspx%3fReturnUrl%3d%252flogin.aspx%253fReturnUrl%253d%25252fGovernmentAgencies%25252fStateAgencies%25252fADECA.aspx;
http://www.safehomealabama.gov/login.aspx?ReturnUrl=%2flogin.aspx%3fReturnUrl%3d%252flogin.aspx%253fReturnUrl%253d%25252fGovernmentAgencies%25252fStateAgencies%25252fADOR.aspx;
http://www.safehomealabama.gov/login.aspx?ReturnUrl=%2flogin.aspx%3fReturnUrl%3d%252flogin.aspx%253fReturnUrl%253d%25252fGovernmentAgencies%25252fStateAgencies%25252fADPH.aspx;
http://www.safehomealabama.gov/login.aspx?ReturnUrl=%2flogin.aspx%3fReturnUrl%3d%252flogin.aspx%253fReturnUrl%253d%25252fGovernmentAgencies%25252fStateAgencies%25252fAlabamaTrafficSafetyResourceProsecutor(ATSRP).aspx;
http://www.safehomealabama.gov/login.aspx?ReturnUrl=%2flogin.aspx%3fReturnUrl%3d%252flogin.aspx%253fReturnUrl%253d%25252fGovernmentAgencies%25252fStateAgencies%25252fALEA.aspx;
http://www.safehomealabama.gov/login.aspx?ReturnUrl=%2flogin.aspx%3fReturnUrl%3d%252flogin.aspx%253fReturnUrl%253d%25252fGovernmentAgencies%25252fStateAgencies%25252fALLegislature.aspx;
http://www.safehomealabama.gov/login.aspx?ReturnUrl=%2flogin.aspx%3fReturnUrl%3d%252flogin.aspx%253fReturnUrl%253d%25252fGovernmentAgencies%25252fStateAgencies%25252fALDOT.aspx;
http://www.safehomealabama.gov/login.aspx?ReturnUrl=%2flogin.aspx%3fReturnUrl%3d%252flogin.aspx%253fReturnUrl%253d%25252fGovernmentAgencies%25252fStateAgencies%25252fAOC.aspx;
http://www.safehomealabama.gov/login.aspx?ReturnUrl=%2flogin.aspx%3fReturnUrl%3d%252flogin.aspx%253fReturnUrl%253d%25252fGovernmentAgencies%25252fStateAgencies%25252fOtherStates.aspx;
http://www.safehomealabama.gov/login.aspx?ReturnUrl=%2flogin.aspx%3fReturnUrl%3d%252flogin.aspx%253fReturnUrl%253d%25252fGovernmentAgencies%25252fFederalAgencies.aspx;
http://www.safehomealabama.gov/login.aspx?ReturnUrl=%2flogin.aspx%3fReturnUrl%3d%252flogin.aspx%253fReturnUrl%253d%25252fGovernmentAgencies%25252fFederalAgencies%25252fFHWA.aspx;
http://www.safehomealabama.gov/login.aspx?ReturnUrl=%2flogin.aspx%3fReturnUrl%3d%252flogin.aspx%253fReturnUrl%253d%25252fGovernmentAgencies%25252fFederalAgencies%25252fFMCSA.aspx;
http://www.safehomealabama.gov/login.aspx?ReturnUrl=%2flogin.aspx%3fReturnUrl%3d%252flogin.aspx%253fReturnUrl%253d%25252fGovernmentAgencies%25252fFederalAgencies%25252fNHTSA.aspx;
http://www.safehomealabama.gov/login.aspx?ReturnUrl=%2flogin.aspx%3fReturnUrl%3d%252flogin.aspx%253fReturnUrl%253d%25252fGovernmentAgencies%25252fFederalAgencies%25252fUSDOTVolpeCenter.aspx;
http://www.safehomealabama.gov/login.aspx?ReturnUrl=%2flogin.aspx%3fReturnUrl%3d%252flogin.aspx%253fReturnUrl%253d%25252fUniversities%25252fAUALT2(Auburn).aspx;
http://www.safehomealabama.gov/login.aspx?ReturnUrl=%2flogin.aspx%3fReturnUrl%3d%252flogin.aspx%253fReturnUrl%253d%25252fUniversities%25252fATSC(Montevallo).aspx;
http://www.safehomealabama.gov/login.aspx?ReturnUrl=%2flogin.aspx%3fReturnUrl%3d%252flogin.aspx%253fReturnUrl%253d%25252fUniversities%25252fCAPS(UA).aspx;
http://www.safehomealabama.gov/login.aspx?ReturnUrl=%2flogin.aspx%3fReturnUrl%3d%252flogin.aspx%253fReturnUrl%253d%25252fUniversities%25252fICRCUTC(UAB).aspx;
http://www.safehomealabama.gov/login.aspx?ReturnUrl=%2flogin.aspx%3fReturnUrl%3d%252flogin.aspx%253fReturnUrl%253d%25252fUniversities%25252fUTCA(UA).aspx;
http://www.safehomealabama.gov/login.aspx?ReturnUrl=%2flogin.aspx%3fReturnUrl%3d%252flogin.aspx%253fReturnUrl%253d%25252fSafetyTopics%25252fAge%25252fSeniorDriverIssues.aspx;
http://www.safehomealabama.gov/login.aspx?ReturnUrl=%2flogin.aspx%3fReturnUrl%3d%252flogin.aspx%253fReturnUrl%253d%25252fSafetyTopics%25252fAge%25252fYoungDriverIssues.aspx;
http://www.safehomealabama.gov/login.aspx?ReturnUrl=%2flogin.aspx%3fReturnUrl%3d%252flogin.aspx%253fReturnUrl%253d%25252fSafetyTopics%25252fAge%25252fChildren.aspx;
http://www.safehomealabama.gov/login.aspx?ReturnUrl=%2flogin.aspx%3fReturnUrl%3d%252flogin.aspx%253fReturnUrl%253d%25252fSafetyTopics%25252fConferences%25252fSHASummit.aspx;
http://www.safehomealabama.gov/login.aspx?ReturnUrl=%2flogin.aspx%3fReturnUrl%3d%252flogin.aspx%253fReturnUrl%253d%25252fSafetyTopics%25252fDeer.aspx;
http://www.safehomealabama.gov/login.aspx?ReturnUrl=%2flogin.aspx%3fReturnUrl%3d%252flogin.aspx%253fReturnUrl%253d%25252fSafetyTopics%25252fDriverIssues%25252fCellPhoneBlocking.aspx;
http://www.safehomealabama.gov/login.aspx?ReturnUrl=%2flogin.aspx%3fReturnUrl%3d%252flogin.aspx%253fReturnUrl%253d%25252fSafetyTopics%25252fDriverIssues%25252fDistractedDriving.aspx;
http://www.safehomealabama.gov/login.aspx?ReturnUrl=%2flogin.aspx%3fReturnUrl%3d%252flogin.aspx%253fReturnUrl%253d%25252fSafetyTopics%25252fDriverIssues%25252fImpairedDriving.aspx;
http://www.safehomealabama.gov/login.aspx?ReturnUrl=%2flogin.aspx%3fReturnUrl%3d%252flogin.aspx%253fReturnUrl%253d%25252fSafetyTopics%25252fDriverIssues%25252fDrowsyDriving.aspx;
http://www.safehomealabama.gov/login.aspx?ReturnUrl=%2flogin.aspx%3fReturnUrl%3d%252flogin.aspx%253fReturnUrl%253d%25252fSafetyTopics%25252fEbolaandTransportation.aspx;
http://www.safehomealabama.gov/login.aspx?ReturnUrl=%2flogin.aspx%3fReturnUrl%3d%252flogin.aspx%253fReturnUrl%253d%25252fSafetyTopics%25252fEducationandTraining%25252fDriversEducation.aspx;
http://www.safehomealabama.gov/login.aspx?ReturnUrl=%2flogin.aspx%3fReturnUrl%3d%252flogin.aspx%253fReturnUrl%253d%25252fSafetyTopics%25252fEducationandTraining%25252fK9ChildSafety.aspx;
http://www.safehomealabama.gov/login.aspx?ReturnUrl=%2flogin.aspx%3fReturnUrl%3d%252flogin.aspx%253fReturnUrl%253d%25252fSafetyTopics%25252fEducationandTraining%25252fSafeRoutestoSchool.aspx;
http://www.safehomealabama.gov/login.aspx?ReturnUrl=%2flogin.aspx%3fReturnUrl%3d%252flogin.aspx%253fReturnUrl%253d%25252fSafetyTopics%25252fEmergencyMedicalServices(EMS).aspx;
http://www.safehomealabama.gov/login.aspx?ReturnUrl=%2flogin.aspx%3fReturnUrl%3d%252flogin.aspx%253fReturnUrl%253d%25252fSafetyTopics%25252fEnforcement%25252fChildSafetySeats.aspx;
http://www.safehomealabama.gov/login.aspx?ReturnUrl=%2flogin.aspx%3fReturnUrl%3d%252flogin.aspx%253fReturnUrl%253d%25252fSafetyTopics%25252fEnforcement%25252fClickItorTicket.aspx;
http://www.safehomealabama.gov/login.aspx?ReturnUrl=%2flogin.aspx%3fReturnUrl%3d%252flogin.aspx%253fReturnUrl%253d%25252fSafetyTopics%25252fEnforcement%25252fEnforcementStudies.aspx;
http://www.safehomealabama.gov/login.aspx?ReturnUrl=%2flogin.aspx%3fReturnUrl%3d%252flogin.aspx%253fReturnUrl%253d%25252fSafetyTopics%25252fEnforcement%25252fSelectiveEnforcement.aspx;
http://www.safehomealabama.gov/login.aspx?ReturnUrl=%2flogin.aspx%3fReturnUrl%3d%252flogin.aspx%253fReturnUrl%253d%25252fSafetyTopics%25252fEnforcement%25252fTACTDPSPrograms.aspx;
http://www.safehomealabama.gov/login.aspx?ReturnUrl=%2flogin.aspx%3fReturnUrl%3d%252flogin.aspx%253fReturnUrl%253d%25252fSafetyTopics%25252fGeneralTrafficSafety.aspx;
http://www.safehomealabama.gov/login.aspx?ReturnUrl=%2flogin.aspx%3fReturnUrl%3d%252flogin.aspx%253fReturnUrl%253d%25252fSafetyTopics%25252fPedestrians.aspx;
http://www.safehomealabama.gov/login.aspx?ReturnUrl=%2flogin.aspx%3fReturnUrl%3d%252flogin.aspx%253fReturnUrl%253d%25252fSafetyTopics%25252fRestraints%25252fChildSafetySeats.aspx;
http://www.safehomealabama.gov/login.aspx?ReturnUrl=%2flogin.aspx%3fReturnUrl%3d%252flogin.aspx%253fReturnUrl%253d%25252fSafetyTopics%25252fRestraints%25252fSafetyBelts.aspx;
http://www.safehomealabama.gov/login.aspx?ReturnUrl=%2flogin.aspx%3fReturnUrl%3d%252flogin.aspx%253fReturnUrl%253d%25252fSafetyTopics%25252fVehicleSpecific%25252fATVs.aspx;
http://www.safehomealabama.gov/login.aspx?ReturnUrl=%2flogin.aspx%3fReturnUrl%3d%252flogin.aspx%253fReturnUrl%253d%25252fSafetyTopics%25252fVehicleSpecific%25252fBicycles.aspx;
http://www.safehomealabama.gov/login.aspx?ReturnUrl=%2flogin.aspx%3fReturnUrl%3d%252flogin.aspx%253fReturnUrl%253d%25252fSafetyTopics%25252fVehicleSpecific%25252fLargeTruckandCMVs.aspx;
http://www.safehomealabama.gov/login.aspx?ReturnUrl=%2flogin.aspx%3fReturnUrl%3d%252flogin.aspx%253fReturnUrl%253d%25252fSafetyTopics%25252fVehicleSpecific%25252fMotorcycles.aspx;
http://www.safehomealabama.gov/login.aspx?ReturnUrl=%2flogin.aspx%3fReturnUrl%3d%252flogin.aspx%253fReturnUrl%253d%25252fSafetyTopics%25252fVehicleSpecific%25252fSchoolBusStudies.aspx;
http://www.safehomealabama.gov/login.aspx?ReturnUrl=%2flogin.aspx%3fReturnUrl%3d%252flogin.aspx%253fReturnUrl%253d%25252fSafetyTopics%25252fVehicleSpecific%25252fThreeWheeledAutocycles.aspx;
http://www.safehomealabama.gov/login.aspx?ReturnUrl=%2flogin.aspx%3fReturnUrl%3d%252flogin.aspx%253fReturnUrl%253d%25252fSafetyTopics%25252fVehicleSpecific%25252fVehicleIssuesRecalls.aspx;
http://www.safehomealabama.gov/login.aspx?ReturnUrl=%2flogin.aspx%3fReturnUrl%3d%252flogin.aspx%253fReturnUrl%253d%25252fSafetyTopics%25252fVehicleSpecific%25252fVehicleTechnology.aspx;
http://www.safehomealabama.gov/login.aspx?ReturnUrl=%2flogin.aspx%3fReturnUrl%3d%252flogin.aspx%253fReturnUrl%253d%25252fSafetyTopics%25252fWeather.aspx;
http://www.safehomealabama.gov/login.aspx?ReturnUrl=%2flogin.aspx%3fReturnUrl%3d%252flogin.aspx%253fReturnUrl%253d%25252fPlansAnalysis%25252fALStrategicHighwaySafetyPlan(SHSP).aspx;
http://www.safehomealabama.gov/login.aspx?ReturnUrl=%2flogin.aspx%3fReturnUrl%3d%252flogin.aspx%253fReturnUrl%253d%25252fPlansAnalysis%25252fCAREeCrash.aspx;
http://www.safehomealabama.gov/login.aspx?ReturnUrl=%2flogin.aspx%3fReturnUrl%3d%252flogin.aspx%253fReturnUrl%253d%25252fPlansAnalysis%25252fCrashFacts.aspx;
http://www.safehomealabama.gov/login.aspx?ReturnUrl=%2flogin.aspx%3fReturnUrl%3d%252flogin.aspx%253fReturnUrl%253d%25252fPlansAnalysis%25252fDemographics.aspx;
http://www.safehomealabama.gov/login.aspx?ReturnUrl=%2flogin.aspx%3fReturnUrl%3d%252flogin.aspx%253fReturnUrl%253d%25252fPlansAnalysis%25252feCite.aspx;
http://www.safehomealabama.gov/login.aspx?ReturnUrl=%2flogin.aspx%3fReturnUrl%3d%252flogin.aspx%253fReturnUrl%253d%25252fPlansAnalysis%25252fFARSandALFatalities.aspx;
http://www.safehomealabama.gov/login.aspx?ReturnUrl=%2flogin.aspx%3fReturnUrl%3d%252flogin.aspx%253fReturnUrl%253d%25252fPlansAnalysis%25252fHolidays.aspx;
http://www.safehomealabama.gov/login.aspx?ReturnUrl=%2flogin.aspx%3fReturnUrl%3d%252flogin.aspx%253fReturnUrl%253d%25252fPlansAnalysis%25252fIHSDMHSM.aspx;
http://www.safehomealabama.gov/login.aspx?ReturnUrl=%2flogin.aspx%3fReturnUrl%3d%252flogin.aspx%253fReturnUrl%253d%25252fPlansAnalysis%25252fNonTrafficCrashStats.aspx;
http://www.safehomealabama.gov/login.aspx?ReturnUrl=%2flogin.aspx%3fReturnUrl%3d%252flogin.aspx%253fReturnUrl%253d%25252fPlansAnalysis%25252fRoadImprovements.aspx;
http://www.safehomealabama.gov/login.aspx?ReturnUrl=%2flogin.aspx%3fReturnUrl%3d%252flogin.aspx%253fReturnUrl%253d%25252fPlansAnalysis%25252fStateDataLinks.aspx;
http://www.safehomealabama.gov/login.aspx?ReturnUrl=%2flogin.aspx%3fReturnUrl%3d%252flogin.aspx%253fReturnUrl%253d%25252fPlansAnalysis%25252fTRCC.aspx;
http://www.safehomealabama.gov/login.aspx?ReturnUrl=%2flogin.aspx%3fReturnUrl%3d%252flogin.aspx%253fReturnUrl%253d%25252fterms.aspx;
http://www.safehomealabama.gov/login.aspx?ReturnUrl=%2flogin.aspx%3fReturnUrl%3d%252flogin.aspx%253fReturnUrl%253d%25252flogin.aspx%25253fReturnUrl%25253d%2525252flogin.aspx%2525253fReturnUrl%2525253d%252525252fSHAHome.aspx;
http://www.safehomealabama.gov/login.aspx?ReturnUrl=%2flogin.aspx%3fReturnUrl%3d%252flogin.aspx%253fReturnUrl%253d%25252fSHAHome%25252ftabid%25252f181%25252fctl%25252fSendPassword%25252fDefault.aspx;
http://www.safehomealabama.gov/login.aspx?ReturnUrl=%2flogin.aspx%3fReturnUrl%3d%252flogin.aspx%253fReturnUrl%253d%25252flogin.aspx%25253fReturnUrl%25253d%2525252fServiceGroups%2525252fAAATSF.aspx;
http://www.safehomealabama.gov/login.aspx?ReturnUrl=%2flogin.aspx%3fReturnUrl%3d%252flogin.aspx%253fReturnUrl%253d%25252flogin.aspx%25253fReturnUrl%25253d%2525252fServiceGroups%2525252fAASHTO.aspx;
http://www.safehomealabama.gov/login.aspx?ReturnUrl=%2flogin.aspx%3fReturnUrl%3d%252flogin.aspx%253fReturnUrl%253d%25252flogin.aspx%25253fReturnUrl%25253d%2525252fServiceGroups%2525252fATA.aspx;
http://www.safehomealabama.gov/login.aspx?ReturnUrl=%2flogin.aspx%3fReturnUrl%3d%252flogin.aspx%253fReturnUrl%253d%25252flogin.aspx%25253fReturnUrl%25253d%2525252fServiceGroups%2525252fATSIP.aspx;
http://www.safehomealabama.gov/login.aspx?ReturnUrl=%2flogin.aspx%3fReturnUrl%3d%252flogin.aspx%253fReturnUrl%253d%25252flogin.aspx%25253fReturnUrl%25253d%2525252fServiceGroups%2525252fGHSA.aspx;
http://www.safehomealabama.gov/login.aspx?ReturnUrl=%2flogin.aspx%3fReturnUrl%3d%252flogin.aspx%253fReturnUrl%253d%25252flogin.aspx%25253fReturnUrl%25253d%2525252fServiceGroups%2525252fIIHS.aspx;
http://www.safehomealabama.gov/login.aspx?ReturnUrl=%2flogin.aspx%3fReturnUrl%3d%252flogin.aspx%253fReturnUrl%253d%25252flogin.aspx%25253fReturnUrl%25253d%2525252fServiceGroups%2525252fMADD.aspx;
http://www.safehomealabama.gov/login.aspx?ReturnUrl=%2flogin.aspx%3fReturnUrl%3d%252flogin.aspx%253fReturnUrl%253d%25252flogin.aspx%25253fReturnUrl%25253d%2525252fServiceGroups%2525252fNationalSafetyCouncilofAL.aspx;
http://www.safehomealabama.gov/login.aspx?ReturnUrl=%2flogin.aspx%3fReturnUrl%3d%252flogin.aspx%253fReturnUrl%253d%25252flogin.aspx%25253fReturnUrl%25253d%2525252fServiceGroups%2525252fOperationLifesaver.aspx;
http://www.safehomealabama.gov/login.aspx?ReturnUrl=%2flogin.aspx%3fReturnUrl%3d%252flogin.aspx%253fReturnUrl%253d%25252flogin.aspx%25253fReturnUrl%25253d%2525252fServiceGroups%2525252fSADD.aspx;
http://www.safehomealabama.gov/login.aspx?ReturnUrl=%2flogin.aspx%3fReturnUrl%3d%252flogin.aspx%253fReturnUrl%253d%25252flogin.aspx%25253fReturnUrl%25253d%2525252fServiceGroups%2525252fSALTEENS.aspx;
http://www.safehomealabama.gov/login.aspx?ReturnUrl=%2flogin.aspx%3fReturnUrl%3d%252flogin.aspx%253fReturnUrl%253d%25252flogin.aspx%25253fReturnUrl%25253d%2525252fServiceGroups%2525252fStruckByAlliance.aspx;
http://www.safehomealabama.gov/login.aspx?ReturnUrl=%2flogin.aspx%3fReturnUrl%3d%252flogin.aspx%253fReturnUrl%253d%25252flogin.aspx%25253fReturnUrl%25253d%2525252fServiceGroups%2525252fTrafficSafetyCoalition.aspx;
http://www.safehomealabama.gov/login.aspx?ReturnUrl=%2flogin.aspx%3fReturnUrl%3d%252flogin.aspx%253fReturnUrl%253d%25252flogin.aspx%25253fReturnUrl%25253d%2525252fGovernmentAgencies%2525252fStateAgencies.aspx;
http://www.safehomealabama.gov/login.aspx?ReturnUrl=%2flogin.aspx%3fReturnUrl%3d%252flogin.aspx%253fReturnUrl%253d%25252flogin.aspx%25253fReturnUrl%25253d%2525252fGovernmentAgencies%2525252fStateAgencies%2525252fACCA.aspx;
http://www.safehomealabama.gov/login.aspx?ReturnUrl=%2flogin.aspx%3fReturnUrl%3d%252flogin.aspx%253fReturnUrl%253d%25252flogin.aspx%25253fReturnUrl%25253d%2525252fGovernmentAgencies%2525252fStateAgencies%2525252fADECA.aspx;
http://www.safehomealabama.gov/login.aspx?ReturnUrl=%2flogin.aspx%3fReturnUrl%3d%252flogin.aspx%253fReturnUrl%253d%25252flogin.aspx%25253fReturnUrl%25253d%2525252fGovernmentAgencies%2525252fStateAgencies%2525252fADOR.aspx;
http://www.safehomealabama.gov/login.aspx?ReturnUrl=%2flogin.aspx%3fReturnUrl%3d%252flogin.aspx%253fReturnUrl%253d%25252flogin.aspx%25253fReturnUrl%25253d%2525252fGovernmentAgencies%2525252fStateAgencies%2525252fADPH.aspx;
http://www.safehomealabama.gov/login.aspx?ReturnUrl=%2flogin.aspx%3fReturnUrl%3d%252flogin.aspx%253fReturnUrl%253d%25252flogin.aspx%25253fReturnUrl%25253d%2525252fGovernmentAgencies%2525252fStateAgencies%2525252fALEA.aspx;
http://www.safehomealabama.gov/login.aspx?ReturnUrl=%2flogin.aspx%3fReturnUrl%3d%252flogin.aspx%253fReturnUrl%253d%25252flogin.aspx%25253fReturnUrl%25253d%2525252fGovernmentAgencies%2525252fStateAgencies%2525252fALLegislature.aspx;
http://www.safehomealabama.gov/login.aspx?ReturnUrl=%2flogin.aspx%3fReturnUrl%3d%252flogin.aspx%253fReturnUrl%253d%25252flogin.aspx%25253fReturnUrl%25253d%2525252fGovernmentAgencies%2525252fStateAgencies%2525252fALDOT.aspx;
http://www.safehomealabama.gov/login.aspx?ReturnUrl=%2flogin.aspx%3fReturnUrl%3d%252flogin.aspx%253fReturnUrl%253d%25252flogin.aspx%25253fReturnUrl%25253d%2525252fGovernmentAgencies%2525252fStateAgencies%2525252fAOC.aspx;
http://www.safehomealabama.gov/login.aspx?ReturnUrl=%2flogin.aspx%3fReturnUrl%3d%252flogin.aspx%253fReturnUrl%253d%25252flogin.aspx%25253fReturnUrl%25253d%2525252fGovernmentAgencies%2525252fStateAgencies%2525252fOtherStates.aspx;
http://www.safehomealabama.gov/login.aspx?ReturnUrl=%2flogin.aspx%3fReturnUrl%3d%252flogin.aspx%253fReturnUrl%253d%25252flogin.aspx%25253fReturnUrl%25253d%2525252fGovernmentAgencies%2525252fFederalAgencies.aspx;
http://www.safehomealabama.gov/login.aspx?ReturnUrl=%2flogin.aspx%3fReturnUrl%3d%252flogin.aspx%253fReturnUrl%253d%25252flogin.aspx%25253fReturnUrl%25253d%2525252fGovernmentAgencies%2525252fFederalAgencies%2525252fFHWA.aspx;
http://www.safehomealabama.gov/login.aspx?ReturnUrl=%2flogin.aspx%3fReturnUrl%3d%252flogin.aspx%253fReturnUrl%253d%25252flogin.aspx%25253fReturnUrl%25253d%2525252fGovernmentAgencies%2525252fFederalAgencies%2525252fFMCSA.aspx;
http://www.safehomealabama.gov/login.aspx?ReturnUrl=%2flogin.aspx%3fReturnUrl%3d%252flogin.aspx%253fReturnUrl%253d%25252flogin.aspx%25253fReturnUrl%25253d%2525252fGovernmentAgencies%2525252fFederalAgencies%2525252fNHTSA.aspx;
http://www.safehomealabama.gov/login.aspx?ReturnUrl=%2flogin.aspx%3fReturnUrl%3d%252flogin.aspx%253fReturnUrl%253d%25252flogin.aspx%25253fReturnUrl%25253d%2525252fGovernmentAgencies%2525252fFederalAgencies%2525252fUSDOTVolpeCenter.aspx;
http://www.safehomealabama.gov/login.aspx?ReturnUrl=%2flogin.aspx%3fReturnUrl%3d%252flogin.aspx%253fReturnUrl%253d%25252flogin.aspx%25253fReturnUrl%25253d%2525252fUniversities%2525252fAUALT2(Auburn).aspx;
http://www.safehomealabama.gov/login.aspx?ReturnUrl=%2flogin.aspx%3fReturnUrl%3d%252flogin.aspx%253fReturnUrl%253d%25252flogin.aspx%25253fReturnUrl%25253d%2525252fUniversities%2525252fATSC(Montevallo).aspx;
http://www.safehomealabama.gov/login.aspx?ReturnUrl=%2flogin.aspx%3fReturnUrl%3d%252flogin.aspx%253fReturnUrl%253d%25252flogin.aspx%25253fReturnUrl%25253d%2525252fUniversities%2525252fCAPS(UA).aspx;
http://www.safehomealabama.gov/login.aspx?ReturnUrl=%2flogin.aspx%3fReturnUrl%3d%252flogin.aspx%253fReturnUrl%253d%25252flogin.aspx%25253fReturnUrl%25253d%2525252fUniversities%2525252fICRCUTC(UAB).aspx;
http://www.safehomealabama.gov/login.aspx?ReturnUrl=%2flogin.aspx%3fReturnUrl%3d%252flogin.aspx%253fReturnUrl%253d%25252flogin.aspx%25253fReturnUrl%25253d%2525252fUniversities%2525252fUTCA(UA).aspx;
http://www.safehomealabama.gov/login.aspx?ReturnUrl=%2flogin.aspx%3fReturnUrl%3d%252flogin.aspx%253fReturnUrl%253d%25252flogin.aspx%25253fReturnUrl%25253d%2525252fSafetyTopics%2525252fAge%2525252fSeniorDriverIssues.aspx;
http://www.safehomealabama.gov/login.aspx?ReturnUrl=%2flogin.aspx%3fReturnUrl%3d%252flogin.aspx%253fReturnUrl%253d%25252flogin.aspx%25253fReturnUrl%25253d%2525252fSafetyTopics%2525252fAge%2525252fYoungDriverIssues.aspx;
http://www.safehomealabama.gov/login.aspx?ReturnUrl=%2flogin.aspx%3fReturnUrl%3d%252flogin.aspx%253fReturnUrl%253d%25252flogin.aspx%25253fReturnUrl%25253d%2525252fSafetyTopics%2525252fAge%2525252fChildren.aspx;
http://www.safehomealabama.gov/login.aspx?ReturnUrl=%2flogin.aspx%3fReturnUrl%3d%252flogin.aspx%253fReturnUrl%253d%25252flogin.aspx%25253fReturnUrl%25253d%2525252fSafetyTopics%2525252fConferences%2525252fSHASummit.aspx;
http://www.safehomealabama.gov/login.aspx?ReturnUrl=%2flogin.aspx%3fReturnUrl%3d%252flogin.aspx%253fReturnUrl%253d%25252flogin.aspx%25253fReturnUrl%25253d%2525252fSafetyTopics%2525252fDeer.aspx;
http://www.safehomealabama.gov/login.aspx?ReturnUrl=%2flogin.aspx%3fReturnUrl%3d%252flogin.aspx%253fReturnUrl%253d%25252flogin.aspx%25253fReturnUrl%25253d%2525252fSafetyTopics%2525252fDriverIssues%2525252fCellPhoneBlocking.aspx;
http://www.safehomealabama.gov/login.aspx?ReturnUrl=%2flogin.aspx%3fReturnUrl%3d%252flogin.aspx%253fReturnUrl%253d%25252flogin.aspx%25253fReturnUrl%25253d%2525252fSafetyTopics%2525252fDriverIssues%2525252fDistractedDriving.aspx;
http://www.safehomealabama.gov/login.aspx?ReturnUrl=%2flogin.aspx%3fReturnUrl%3d%252flogin.aspx%253fReturnUrl%253d%25252flogin.aspx%25253fReturnUrl%25253d%2525252fSafetyTopics%2525252fDriverIssues%2525252fImpairedDriving.aspx;
http://www.safehomealabama.gov/login.aspx?ReturnUrl=%2flogin.aspx%3fReturnUrl%3d%252flogin.aspx%253fReturnUrl%253d%25252flogin.aspx%25253fReturnUrl%25253d%2525252fSafetyTopics%2525252fDriverIssues%2525252fDrowsyDriving.aspx;
http://www.safehomealabama.gov/login.aspx?ReturnUrl=%2flogin.aspx%3fReturnUrl%3d%252flogin.aspx%253fReturnUrl%253d%25252flogin.aspx%25253fReturnUrl%25253d%2525252fSafetyTopics%2525252fEbolaandTransportation.aspx;
http://www.safehomealabama.gov/login.aspx?ReturnUrl=%2flogin.aspx%3fReturnUrl%3d%252flogin.aspx%253fReturnUrl%253d%25252flogin.aspx%25253fReturnUrl%25253d%2525252fSafetyTopics%2525252fEducationandTraining%2525252fDriversEducation.aspx;
http://www.safehomealabama.gov/login.aspx?ReturnUrl=%2flogin.aspx%3fReturnUrl%3d%252flogin.aspx%253fReturnUrl%253d%25252flogin.aspx%25253fReturnUrl%25253d%2525252fSafetyTopics%2525252fEducationandTraining%2525252fK9ChildSafety.aspx;
http://www.safehomealabama.gov/login.aspx?ReturnUrl=%2flogin.aspx%3fReturnUrl%3d%252flogin.aspx%253fReturnUrl%253d%25252flogin.aspx%25253fReturnUrl%25253d%2525252fSafetyTopics%2525252fEducationandTraining%2525252fSafeRoutestoSchool.aspx;
http://www.safehomealabama.gov/login.aspx?ReturnUrl=%2flogin.aspx%3fReturnUrl%3d%252flogin.aspx%253fReturnUrl%253d%25252flogin.aspx%25253fReturnUrl%25253d%2525252fSafetyTopics%2525252fEmergencyMedicalServices(EMS).aspx;
http://www.safehomealabama.gov/login.aspx?ReturnUrl=%2flogin.aspx%3fReturnUrl%3d%252flogin.aspx%253fReturnUrl%253d%25252flogin.aspx%25253fReturnUrl%25253d%2525252fSafetyTopics%2525252fEnforcement%2525252fChildSafetySeats.aspx;
http://www.safehomealabama.gov/login.aspx?ReturnUrl=%2flogin.aspx%3fReturnUrl%3d%252flogin.aspx%253fReturnUrl%253d%25252flogin.aspx%25253fReturnUrl%25253d%2525252fSafetyTopics%2525252fEnforcement%2525252fClickItorTicket.aspx;
http://www.safehomealabama.gov/login.aspx?ReturnUrl=%2flogin.aspx%3fReturnUrl%3d%252flogin.aspx%253fReturnUrl%253d%25252flogin.aspx%25253fReturnUrl%25253d%2525252fSafetyTopics%2525252fEnforcement%2525252fEnforcementStudies.aspx;
http://www.safehomealabama.gov/login.aspx?ReturnUrl=%2flogin.aspx%3fReturnUrl%3d%252flogin.aspx%253fReturnUrl%253d%25252flogin.aspx%25253fReturnUrl%25253d%2525252fSafetyTopics%2525252fEnforcement%2525252fSelectiveEnforcement.aspx;
http://www.safehomealabama.gov/login.aspx?ReturnUrl=%2flogin.aspx%3fReturnUrl%3d%252flogin.aspx%253fReturnUrl%253d%25252flogin.aspx%25253fReturnUrl%25253d%2525252fSafetyTopics%2525252fEnforcement%2525252fTACTDPSPrograms.aspx;
http://www.safehomealabama.gov/login.aspx?ReturnUrl=%2flogin.aspx%3fReturnUrl%3d%252flogin.aspx%253fReturnUrl%253d%25252flogin.aspx%25253fReturnUrl%25253d%2525252fSafetyTopics%2525252fGeneralTrafficSafety.aspx;
http://www.safehomealabama.gov/login.aspx?ReturnUrl=%2flogin.aspx%3fReturnUrl%3d%252flogin.aspx%253fReturnUrl%253d%25252flogin.aspx%25253fReturnUrl%25253d%2525252fSafetyTopics%2525252fPedestrians.aspx;
http://www.safehomealabama.gov/login.aspx?ReturnUrl=%2flogin.aspx%3fReturnUrl%3d%252flogin.aspx%253fReturnUrl%253d%25252flogin.aspx%25253fReturnUrl%25253d%2525252fSafetyTopics%2525252fRestraints%2525252fChildSafetySeats.aspx;
http://www.safehomealabama.gov/login.aspx?ReturnUrl=%2flogin.aspx%3fReturnUrl%3d%252flogin.aspx%253fReturnUrl%253d%25252flogin.aspx%25253fReturnUrl%25253d%2525252fSafetyTopics%2525252fRestraints%2525252fSafetyBelts.aspx;
http://www.safehomealabama.gov/login.aspx?ReturnUrl=%2flogin.aspx%3fReturnUrl%3d%252flogin.aspx%253fReturnUrl%253d%25252flogin.aspx%25253fReturnUrl%25253d%2525252fSafetyTopics%2525252fVehicleSpecific%2525252fATVs.aspx;
http://www.safehomealabama.gov/login.aspx?ReturnUrl=%2flogin.aspx%3fReturnUrl%3d%252flogin.aspx%253fReturnUrl%253d%25252flogin.aspx%25253fReturnUrl%25253d%2525252fSafetyTopics%2525252fVehicleSpecific%2525252fBicycles.aspx;
http://www.safehomealabama.gov/login.aspx?ReturnUrl=%2flogin.aspx%3fReturnUrl%3d%252flogin.aspx%253fReturnUrl%253d%25252flogin.aspx%25253fReturnUrl%25253d%2525252fSafetyTopics%2525252fVehicleSpecific%2525252fLargeTruckandCMVs.aspx;
http://www.safehomealabama.gov/login.aspx?ReturnUrl=%2flogin.aspx%3fReturnUrl%3d%252flogin.aspx%253fReturnUrl%253d%25252flogin.aspx%25253fReturnUrl%25253d%2525252fSafetyTopics%2525252fVehicleSpecific%2525252fMotorcycles.aspx;
http://www.safehomealabama.gov/login.aspx?ReturnUrl=%2flogin.aspx%3fReturnUrl%3d%252flogin.aspx%253fReturnUrl%253d%25252flogin.aspx%25253fReturnUrl%25253d%2525252fSafetyTopics%2525252fVehicleSpecific%2525252fSchoolBusStudies.aspx;
http://www.safehomealabama.gov/login.aspx?ReturnUrl=%2flogin.aspx%3fReturnUrl%3d%252flogin.aspx%253fReturnUrl%253d%25252flogin.aspx%25253fReturnUrl%25253d%2525252fSafetyTopics%2525252fVehicleSpecific%2525252fThreeWheeledAutocycles.aspx;
http://www.safehomealabama.gov/login.aspx?ReturnUrl=%2flogin.aspx%3fReturnUrl%3d%252flogin.aspx%253fReturnUrl%253d%25252flogin.aspx%25253fReturnUrl%25253d%2525252fSafetyTopics%2525252fVehicleSpecific%2525252fVehicleIssuesRecalls.aspx;
http://www.safehomealabama.gov/login.aspx?ReturnUrl=%2flogin.aspx%3fReturnUrl%3d%252flogin.aspx%253fReturnUrl%253d%25252flogin.aspx%25253fReturnUrl%25253d%2525252fSafetyTopics%2525252fVehicleSpecific%2525252fVehicleTechnology.aspx;
http://www.safehomealabama.gov/login.aspx?ReturnUrl=%2flogin.aspx%3fReturnUrl%3d%252flogin.aspx%253fReturnUrl%253d%25252flogin.aspx%25253fReturnUrl%25253d%2525252fSafetyTopics%2525252fWeather.aspx;
http://www.safehomealabama.gov/login.aspx?ReturnUrl=%2flogin.aspx%3fReturnUrl%3d%252flogin.aspx%253fReturnUrl%253d%25252flogin.aspx%25253fReturnUrl%25253d%2525252fPlansAnalysis%2525252fALStrategicHighwaySafetyPlan(SHSP).aspx;
http://www.safehomealabama.gov/login.aspx?ReturnUrl=%2flogin.aspx%3fReturnUrl%3d%252flogin.aspx%253fReturnUrl%253d%25252flogin.aspx%25253fReturnUrl%25253d%2525252fPlansAnalysis%2525252fCAREeCrash.aspx;
http://www.safehomealabama.gov/login.aspx?ReturnUrl=%2flogin.aspx%3fReturnUrl%3d%252flogin.aspx%253fReturnUrl%253d%25252flogin.aspx%25253fReturnUrl%25253d%2525252fPlansAnalysis%2525252fCrashFacts.aspx;
http://www.safehomealabama.gov/login.aspx?ReturnUrl=%2flogin.aspx%3fReturnUrl%3d%252flogin.aspx%253fReturnUrl%253d%25252flogin.aspx%25253fReturnUrl%25253d%2525252fPlansAnalysis%2525252fDemographics.aspx;
http://www.safehomealabama.gov/login.aspx?ReturnUrl=%2flogin.aspx%3fReturnUrl%3d%252flogin.aspx%253fReturnUrl%253d%25252flogin.aspx%25253fReturnUrl%25253d%2525252fPlansAnalysis%2525252feCite.aspx;
http://www.safehomealabama.gov/login.aspx?ReturnUrl=%2flogin.aspx%3fReturnUrl%3d%252flogin.aspx%253fReturnUrl%253d%25252flogin.aspx%25253fReturnUrl%25253d%2525252fPlansAnalysis%2525252fFARSandALFatalities.aspx;
http://www.safehomealabama.gov/login.aspx?ReturnUrl=%2flogin.aspx%3fReturnUrl%3d%252flogin.aspx%253fReturnUrl%253d%25252flogin.aspx%25253fReturnUrl%25253d%2525252fPlansAnalysis%2525252fHolidays.aspx;
http://www.safehomealabama.gov/login.aspx?ReturnUrl=%2flogin.aspx%3fReturnUrl%3d%252flogin.aspx%253fReturnUrl%253d%25252flogin.aspx%25253fReturnUrl%25253d%2525252fPlansAnalysis%2525252fIHSDMHSM.aspx;
http://www.safehomealabama.gov/login.aspx?ReturnUrl=%2flogin.aspx%3fReturnUrl%3d%252flogin.aspx%253fReturnUrl%253d%25252flogin.aspx%25253fReturnUrl%25253d%2525252fPlansAnalysis%2525252fNonTrafficCrashStats.aspx;
http://www.safehomealabama.gov/login.aspx?ReturnUrl=%2flogin.aspx%3fReturnUrl%3d%252flogin.aspx%253fReturnUrl%253d%25252flogin.aspx%25253fReturnUrl%25253d%2525252fPlansAnalysis%2525252fRoadImprovements.aspx;
http://www.safehomealabama.gov/login.aspx?ReturnUrl=%2flogin.aspx%3fReturnUrl%3d%252flogin.aspx%253fReturnUrl%253d%25252flogin.aspx%25253fReturnUrl%25253d%2525252fPlansAnalysis%2525252fStateDataLinks.aspx;
http://www.safehomealabama.gov/login.aspx?ReturnUrl=%2flogin.aspx%3fReturnUrl%3d%252flogin.aspx%253fReturnUrl%253d%25252flogin.aspx%25253fReturnUrl%25253d%2525252fPlansAnalysis%2525252fTRCC.aspx;
http://www.safehomealabama.gov/login.aspx?ReturnUrl=%2flogin.aspx%3fReturnUrl%3d%252flogin.aspx%253fReturnUrl%253d%25252flogin.aspx%25253fReturnUrl%25253d%2525252fterms.aspx;
http://www.safehomealabama.gov/login.aspx?ReturnUrl=%2flogin.aspx%3fReturnUrl%3d%252flogin.aspx%253fReturnUrl%253d%25252flogin.aspx%25253fReturnUrl%25253d%2525252fSHAHome%2525252ftabid%2525252f181%2525252fctl%2525252fSendPassword%2525252fDefault.aspx;
http://www.safehomealabama.gov/login.aspx?ReturnUrl=%2flogin.aspx%3fReturnUrl%3d%252flogin.aspx%253fReturnUrl%253d%25252flogin.aspx%25253fReturnUrl%25253d%2525252flogin.aspx%2525253fReturnUrl%2525253d%252525252fServiceGroups%252525252fAAATSF.aspx;
http://www.safehomealabama.gov/login.aspx?ReturnUrl=%2flogin.aspx%3fReturnUrl%3d%252flogin.aspx%253fReturnUrl%253d%25252flogin.aspx%25253fReturnUrl%25253d%2525252flogin.aspx%2525253fReturnUrl%2525253d%252525252fServiceGroups%252525252fAASHTO.aspx;
http://www.safehomealabama.gov/login.aspx?ReturnUrl=%2flogin.aspx%3fReturnUrl%3d%252flogin.aspx%253fReturnUrl%253d%25252flogin.aspx%25253fReturnUrl%25253d%2525252flogin.aspx%2525253fReturnUrl%2525253d%252525252fServiceGroups%252525252fATA.aspx;
http://www.safehomealabama.gov/login.aspx?ReturnUrl=%2flogin.aspx%3fReturnUrl%3d%252flogin.aspx%253fReturnUrl%253d%25252flogin.aspx%25253fReturnUrl%25253d%2525252flogin.aspx%2525253fReturnUrl%2525253d%252525252fServiceGroups%252525252fATSIP.aspx;
http://www.safehomealabama.gov/login.aspx?ReturnUrl=%2flogin.aspx%3fReturnUrl%3d%252flogin.aspx%253fReturnUrl%253d%25252flogin.aspx%25253fReturnUrl%25253d%2525252flogin.aspx%2525253fReturnUrl%2525253d%252525252fServiceGroups%252525252fGHSA.aspx;
http://www.safehomealabama.gov/login.aspx?ReturnUrl=%2flogin.aspx%3fReturnUrl%3d%252flogin.aspx%253fReturnUrl%253d%25252flogin.aspx%25253fReturnUrl%25253d%2525252flogin.aspx%2525253fReturnUrl%2525253d%252525252fServiceGroups%252525252fIIHS.aspx;
http://www.safehomealabama.gov/login.aspx?ReturnUrl=%2flogin.aspx%3fReturnUrl%3d%252flogin.aspx%253fReturnUrl%253d%25252flogin.aspx%25253fReturnUrl%25253d%2525252flogin.aspx%2525253fReturnUrl%2525253d%252525252fServiceGroups%252525252fMADD.aspx;
http://www.safehomealabama.gov/login.aspx?ReturnUrl=%2flogin.aspx%3fReturnUrl%3d%252flogin.aspx%253fReturnUrl%253d%25252flogin.aspx%25253fReturnUrl%25253d%2525252flogin.aspx%2525253fReturnUrl%2525253d%252525252fServiceGroups%252525252fOperationLifesaver.aspx;
http://www.safehomealabama.gov/login.aspx?ReturnUrl=%2flogin.aspx%3fReturnUrl%3d%252flogin.aspx%253fReturnUrl%253d%25252flogin.aspx%25253fReturnUrl%25253d%2525252flogin.aspx%2525253fReturnUrl%2525253d%252525252fServiceGroups%252525252fSADD.aspx;
http://www.safehomealabama.gov/login.aspx?ReturnUrl=%2flogin.aspx%3fReturnUrl%3d%252flogin.aspx%253fReturnUrl%253d%25252flogin.aspx%25253fReturnUrl%25253d%2525252flogin.aspx%2525253fReturnUrl%2525253d%252525252fServiceGroups%252525252fSALTEENS.aspx;
http://www.safehomealabama.gov/login.aspx?ReturnUrl=%2flogin.aspx%3fReturnUrl%3d%252flogin.aspx%253fReturnUrl%253d%25252flogin.aspx%25253fReturnUrl%25253d%2525252flogin.aspx%2525253fReturnUrl%2525253d%252525252fServiceGroups%252525252fStruckByAlliance.aspx;
http://www.safehomealabama.gov/login.aspx?ReturnUrl=%2flogin.aspx%3fReturnUrl%3d%252flogin.aspx%253fReturnUrl%253d%25252flogin.aspx%25253fReturnUrl%25253d%2525252flogin.aspx%2525253fReturnUrl%2525253d%252525252fGovernmentAgencies%252525252fStateAgencies.aspx;
http://www.safehomealabama.gov/login.aspx?ReturnUrl=%2flogin.aspx%3fReturnUrl%3d%252flogin.aspx%253fReturnUrl%253d%25252flogin.aspx%25253fReturnUrl%25253d%2525252flogin.aspx%2525253fReturnUrl%2525253d%252525252fUniversities%252525252fAUALT2(Auburn).aspx;
http://www.safehomealabama.gov/login.aspx?ReturnUrl=%2flogin.aspx%3fReturnUrl%3d%252flogin.aspx%253fReturnUrl%253d%25252flogin.aspx%25253fReturnUrl%25253d%2525252flogin.aspx%2525253fReturnUrl%2525253d%252525252fUniversities%252525252fATSC(Montevallo).aspx;
http://www.safehomealabama.gov/login.aspx?ReturnUrl=%2flogin.aspx%3fReturnUrl%3d%252flogin.aspx%253fReturnUrl%253d%25252flogin.aspx%25253fReturnUrl%25253d%2525252flogin.aspx%2525253fReturnUrl%2525253d%252525252fUniversities%252525252fCAPS(UA).aspx;
http://www.safehomealabama.gov/login.aspx?ReturnUrl=%2flogin.aspx%3fReturnUrl%3d%252flogin.aspx%253fReturnUrl%253d%25252flogin.aspx%25253fReturnUrl%25253d%2525252flogin.aspx%2525253fReturnUrl%2525253d%252525252fUniversities%252525252fICRCUTC(UAB).aspx;
http://www.safehomealabama.gov/login.aspx?ReturnUrl=%2flogin.aspx%3fReturnUrl%3d%252flogin.aspx%253fReturnUrl%253d%25252flogin.aspx%25253fReturnUrl%25253d%2525252flogin.aspx%2525253fReturnUrl%2525253d%252525252fUniversities%252525252fUTCA(UA).aspx;
http://www.safehomealabama.gov/login.aspx?ReturnUrl=%2flogin.aspx%3fReturnUrl%3d%252flogin.aspx%253fReturnUrl%253d%25252flogin.aspx%25253fReturnUrl%25253d%2525252flogin.aspx%2525253fReturnUrl%2525253d%252525252fSafetyTopics%252525252fDeer.aspx;
http://www.safehomealabama.gov/login.aspx?ReturnUrl=%2flogin.aspx%3fReturnUrl%3d%252flogin.aspx%253fReturnUrl%253d%25252flogin.aspx%25253fReturnUrl%25253d%2525252flogin.aspx%2525253fReturnUrl%2525253d%252525252fSafetyTopics%252525252fGeneralTrafficSafety.aspx;
http://www.safehomealabama.gov/login.aspx?ReturnUrl=%2flogin.aspx%3fReturnUrl%3d%252flogin.aspx%253fReturnUrl%253d%25252flogin.aspx%25253fReturnUrl%25253d%2525252flogin.aspx%2525253fReturnUrl%2525253d%252525252fSafetyTopics%252525252fPedestrians.aspx;
http://www.safehomealabama.gov/login.aspx?ReturnUrl=%2flogin.aspx%3fReturnUrl%3d%252flogin.aspx%253fReturnUrl%253d%25252flogin.aspx%25253fReturnUrl%25253d%2525252flogin.aspx%2525253fReturnUrl%2525253d%252525252fSafetyTopics%252525252fWeather.aspx;
http://www.safehomealabama.gov/login.aspx?ReturnUrl=%2flogin.aspx%3fReturnUrl%3d%252flogin.aspx%253fReturnUrl%253d%25252flogin.aspx%25253fReturnUrl%25253d%2525252flogin.aspx%2525253fReturnUrl%2525253d%252525252fPlansAnalysis%252525252fCAREeCrash.aspx;
http://www.safehomealabama.gov/login.aspx?ReturnUrl=%2flogin.aspx%3fReturnUrl%3d%252flogin.aspx%253fReturnUrl%253d%25252flogin.aspx%25253fReturnUrl%25253d%2525252flogin.aspx%2525253fReturnUrl%2525253d%252525252fPlansAnalysis%252525252fCrashFacts.aspx;
http://www.safehomealabama.gov/login.aspx?ReturnUrl=%2flogin.aspx%3fReturnUrl%3d%252flogin.aspx%253fReturnUrl%253d%25252flogin.aspx%25253fReturnUrl%25253d%2525252flogin.aspx%2525253fReturnUrl%2525253d%252525252fPlansAnalysis%252525252fDemographics.aspx;
http://www.safehomealabama.gov/login.aspx?ReturnUrl=%2flogin.aspx%3fReturnUrl%3d%252flogin.aspx%253fReturnUrl%253d%25252flogin.aspx%25253fReturnUrl%25253d%2525252flogin.aspx%2525253fReturnUrl%2525253d%252525252fPlansAnalysis%252525252feCite.aspx;
http://www.safehomealabama.gov/login.aspx?ReturnUrl=%2flogin.aspx%3fReturnUrl%3d%252flogin.aspx%253fReturnUrl%253d%25252flogin.aspx%25253fReturnUrl%25253d%2525252flogin.aspx%2525253fReturnUrl%2525253d%252525252fPlansAnalysis%252525252fFARSandALFatalities.aspx;
http://www.safehomealabama.gov/login.aspx?ReturnUrl=%2flogin.aspx%3fReturnUrl%3d%252flogin.aspx%253fReturnUrl%253d%25252flogin.aspx%25253fReturnUrl%25253d%2525252flogin.aspx%2525253fReturnUrl%2525253d%252525252fPlansAnalysis%252525252fHolidays.aspx;
http://www.safehomealabama.gov/login.aspx?ReturnUrl=%2flogin.aspx%3fReturnUrl%3d%252flogin.aspx%253fReturnUrl%253d%25252flogin.aspx%25253fReturnUrl%25253d%2525252flogin.aspx%2525253fReturnUrl%2525253d%252525252fPlansAnalysis%252525252fIHSDMHSM.aspx;
http://www.safehomealabama.gov/login.aspx?ReturnUrl=%2flogin.aspx%3fReturnUrl%3d%252flogin.aspx%253fReturnUrl%253d%25252flogin.aspx%25253fReturnUrl%25253d%2525252flogin.aspx%2525253fReturnUrl%2525253d%252525252fPlansAnalysis%252525252fRoadImprovements.aspx;
http://www.safehomealabama.gov/login.aspx?ReturnUrl=%2flogin.aspx%3fReturnUrl%3d%252flogin.aspx%253fReturnUrl%253d%25252flogin.aspx%25253fReturnUrl%25253d%2525252flogin.aspx%2525253fReturnUrl%2525253d%252525252fPlansAnalysis%252525252fStateDataLinks.aspx;
http://www.safehomealabama.gov/login.aspx?ReturnUrl=%2flogin.aspx%3fReturnUrl%3d%252flogin.aspx%253fReturnUrl%253d%25252flogin.aspx%25253fReturnUrl%25253d%2525252flogin.aspx%2525253fReturnUrl%2525253d%252525252fPlansAnalysis%252525252fTRCC.aspx;
http://www.safehomealabama.gov/login.aspx?ReturnUrl=%2flogin.aspx%3fReturnUrl%3d%252flogin.aspx%253fReturnUrl%253d%25252flogin.aspx%25253fReturnUrl%25253d%2525252flogin.aspx%2525253fReturnUrl%2525253d%252525252fterms.aspx;
