http://www.revenue.alabama.gov;
https://revenue.alabama.gov/contact/;
http://revenue.alabama.gov/about-commissioner.cfm;
http://revenue.alabama.gov/about-assistant-commissioner.cfm;
http://revenue.alabama.gov/about-deputy-commissioner.cfm;
http://revenue.alabama.gov/about-department-secretary.cfm;
http://revenue.alabama.gov/about-publications.cfm;
http://revenue.alabama.gov/licenses/menu.cfm;
http://revenue.alabama.gov/coll/colindex.cfm;
http://revenue.alabama.gov/humanresource/;
http://revenue.alabama.gov/incometax/icindex.cfm;
http://revenue.alabama.gov/invest/;
http://revenue.alabama.gov/motorvehicle/;
http://revenue.alabama.gov/processing/procindex.cfm;
http://revenue.alabama.gov/advalorem/;
http://revenue.alabama.gov/salestax/;
http://revenue.alabama.gov/taxincentives/;
http://revenue.alabama.gov/analysis/;
http://revenue.alabama.gov/taxpayerassist/;
http://revenue.alabama.gov/servcenters.cfm;
http://revenue.alabama.gov/section-business.cfm;
http://revenue.alabama.gov/section-individual.cfm;
http://revenue.alabama.gov/section-practitioner.cfm;
http://revenue.alabama.gov/idquiz/;
http://revenue.alabama.gov/directdeposit/;
http://revenue.alabama.gov/eservices/motor-vehicle-tag-registration.cfm;
http://revenue.alabama.gov/eft/eftindex.cfm;
http://revenue.alabama.gov/eservices/;
http://www.revenue.alabama.gov/certificate_of_compliance.cfm;
http://revenue.alabama.gov/incometax/software_vendors.cfm;
http://revenue.alabama.gov/incometax/constructionfee.cfm;
http://revenue.alabama.gov/incometax/Extensionpayment.cfm;
http://revenue.alabama.gov/salestax/efiling.cfm;
http://revenue.alabama.gov/incometax/corpefilemain.cfm;
http://revenue.alabama.gov/mfet/;
http://revenue.alabama.gov/withholding/efiling.cfm;
http://revenue.alabama.gov/incometax/freefile_online.cfm;
http://revenue.alabama.gov/incometax/efilemain.cfm;
http://revenue.alabama.gov/incometax/extensionpayment.cfm;
http://revenue.alabama.gov/incometax/form2300/order.cfm;
http://revenue.alabama.gov/incometax/2015itforms.cfm;
http://revenue.alabama.gov/incometax/icsearchform.cfm;
http://revenue.alabama.gov/incometax/bus_priv_tx/itbusprivindex.cfm;
http://revenue.alabama.gov/taxincentives/capcreditforms.cfm;
http://revenue.alabama.gov/salestax/register.cfm;
http://revenue.alabama.gov/incometax/itcorpfinaexcindex.cfm;
http://revenue.alabama.gov/incometax/itpartnindex.cfm;
http://revenue.alabama.gov/incometax/itfinaexcindex.cfm;
http://revenue.alabama.gov/incometax/itformsindex.cfm;
http://revenue.alabama.gov/advalorem/forms/forms.cfm;
http://revenue.alabama.gov/taxincentives/abateprocedure.cfm;
http://revenue.alabama.gov/salestax/stforms.cfm;
http://revenue.alabama.gov/severancetax/sevforms.cfm;
http://revenue.alabama.gov/tobaccotax/ttforms.cfm;
http://revenue.alabama.gov/withholding/;
http://revenue.alabama.gov/incometax/nonresidentwh.cfm;
http://revenue.alabama.gov/alj_search.cfm;
http://www.revenue.alabama.gov/analysis/index.htm;
http://revenue.alabama.gov/accountability/;
http://revenue.alabama.gov/policy-immigration.cfm;
http://revenue.alabama.gov/analysis/voluntary-disclosure.cfm;
http://revenue.alabama.gov/datapress-press.cfm;
http://revenue.alabama.gov/anlrpt.cfm;
http://revenue.alabama.gov/datapress-abstract.cfm;
http://revenue.alabama.gov/refund.cfm;
http://revenue.alabama.gov/revrevu.cfm;
http://revenue.alabama.gov/mailinglist/subscribe.cfm;
http://revenue.alabama.gov/about-service-centers.cfm;
http://revenue.alabama.gov/eservices/mat-signup-help.cfm;
https://revenue.alabama.gov/idtheft/index.cfm;
http://revenue.alabama.gov/salestax/whatsnew.cfm;
https://www.revenue.alabama.gov/advalorem/sections/oppal.cfm/;
http://revenue.alabama.gov/salestax/one_spot.cfm;
http://revenue.alabama.gov/analysis/upcoming-rule-hearings.cfm;
http://revenue.alabama.gov/analysis/rules-pending-agency-certification.cfm;
http://revenue.alabama.gov/analysis/rules-pending-final-adoption.cfm;
http://revenue.alabama.gov/js/_exclude_script_ador.cfm;
http://revenue.alabama.gov/;
http://revenue.alabama.gov/rules/commissioner/index.html;
http://revenue.alabama.gov/licenses/rules.html;
http://revenue.alabama.gov/licenses/faqpl.cfm;
http://revenue.alabama.gov/licenses/forms.cfm;
http://revenue.alabama.gov/licenses/authority.cfm;
http://revenue.alabama.gov/licenses/webpag3.cfm;
http://revenue.alabama.gov/licenses/dismantler.cfm;
http://revenue.alabama.gov/licenses/lawindex.cfm;
http://revenue.alabama.gov/licenses/;
http://revenue.alabama.gov/motorfuels/mfstaterates.cfm;
http://revenue.alabama.gov/motorfuels/gastext.cfm;
http://revenue.alabama.gov/motorfuels/mffaq.cfm;
http://revenue.alabama.gov/motorfuels/forms.cfm;
http://revenue.alabama.gov/motorfuels/scraptire.cfm;
http://revenue.alabama.gov/motorfuels/licenseddist.cfm;
http://revenue.alabama.gov/motorfuels/mfduedates.cfm;
http://revenue.alabama.gov/motorfuels/mfnotices.cfm;
http://revenue.alabama.gov/motorfuels/laws/;
http://revenue.alabama.gov/motorfuels/;
http://revenue.alabama.gov/severancetax/cstax.cfm;
http://revenue.alabama.gov/severancetax/fptax.cfm;
http://revenue.alabama.gov/severancetax/iosindex.cfm;
http://revenue.alabama.gov/severancetax/ogtax.cfm;
http://revenue.alabama.gov/severancetax/sevrates.cfm;
http://revenue.alabama.gov/severancetax/uniform.cfm;
http://revenue.alabama.gov/severancetax/tableofc.cfm;
http://revenue.alabama.gov/severancetax/;
http://revenue.alabama.gov/tobaccotax/ttstaterates.cfm;
http://revenue.alabama.gov/tobaccotax/tobaccotext.cfm;
http://revenue.alabama.gov/tobaccotax/faqtt.cfm;
http://revenue.alabama.gov/tobaccotax/ttduedates.cfm;
http://revenue.alabama.gov/tobaccotax/ttnotices.cfm;
http://revenue.alabama.gov/tobaccotax/law/;
http://revenue.alabama.gov/tobaccotax/;
http://revenue.alabama.gov/licenses/publications.cfm;
http://revenue.alabama.gov/licenses/contact.cfm;
http://revenue.alabama.gov/contact/;
http://revenue.alabama.gov/licenses/organization.cfm;
https://revenue.alabama.gov/incometax/bpt_index.cfm;
http://revenue.alabama.gov/rules/commissioner/index.cfm;
http://revenue.alabama.gov/humanresource/benefits.cfm;
http://revenue.alabama.gov/incometax/rules.html;
http://revenue.alabama.gov/incometax/lawsrulesindx.cfm;
http://revenue.alabama.gov/incometax/iccurrenttaxissues.cfm;
http://revenue.alabama.gov/incometax/mailingaddress.cfm;
http://revenue.alabama.gov/incometax/whatsnew.cfm;
http://revenue.alabama.gov/incometax/itprac_corn.cfm;
http://revenue.alabama.gov/incometax/itindex2.cfm;
http://revenue.alabama.gov/incometax/payments.cfm;
http://revenue.alabama.gov/incometax/itfaq01.cfm;
http://revenue.alabama.gov/incometax/corporate_index.cfm;
http://revenue.alabama.gov/incometax/corporate_consol.cfm;
http://revenue.alabama.gov/incometax/corporate_faq.cfm;
http://revenue.alabama.gov/incometax/subkmain.cfm;
http://revenue.alabama.gov/incometax/partnershipsfaq.cfm;
http://revenue.alabama.gov/incometax/scorporationfaq.cfm;
http://revenue.alabama.gov/incometax/fiduciaryfaq.cfm;
http://revenue.alabama.gov/incometax/estate-inheritance-tax.cfm;
http://revenue.alabama.gov/incometax/fininst_index.cfm;
http://revenue.alabama.gov/incometax/excisetaxfaq.cfm;
http://revenue.alabama.gov/incometax/bpt_index.cfm;
http://revenue.alabama.gov/incometax/bus_priv_tx/bpt_faq.cfm;
http://revenue.alabama.gov/incometax/bus_priv_tx/busprivdelinquent.cfm;
http://revenue.alabama.gov/withholding/withholdingfaq.cfm;
http://revenue.alabama.gov/incometax/2015itforms.html;
http://revenue.alabama.gov/incometax/2016itforms.html;
http://revenue.alabama.gov/incometax/2015citforms.html;
http://revenue.alabama.gov/incometax/2015pshipfidestfrms.htm;
http://revenue.alabama.gov/incometax/2016finexctx.html;
http://revenue.alabama.gov/incometax/bus_priv_tx/2016bptfrms.htm;
http://revenue.alabama.gov/incometax/generaltaxforms.cfm;
http://revenue.alabama.gov/incometax/tpservcenters.cfm;
http://revenue.alabama.gov/incometax/volunteer.cfm;
http://revenue.alabama.gov/salestax/uappchart.cfm;
http://revenue.alabama.gov/salestax/prelimassmt.cfm;
http://revenue.alabama.gov/salestax/finalassmt.cfm;
http://revenue.alabama.gov/incometax/reemploymentded.cfm;
http://revenue.alabama.gov/incometax/healthinsurnceded.cfm;
http://revenue.alabama.gov/incometax/mailform.cfm;
http://revenue.alabama.gov/invest/criminal_tax_offenses.cfm;
http://revenue.alabama.gov/invest/evasion.cfm;
http://revenue.alabama.gov/invest/identity_theft.cfm;
http://revenue.alabama.gov/invest/significant.cfm;
http://revenue.alabama.gov/invest/enforcement.cfm;
http://revenue.alabama.gov/invest/salvinsp.cfm;
http://revenue.alabama.gov/invest/forms.cfm;
http://revenue.alabama.gov/invest/contact1.cfm;
http://revenue.alabama.gov/motorvehicle/rules.cfm;
http://revenue.alabama.gov/motorvehicle/statemap.cfm;
http://revenue.alabama.gov/motorvehicle/mvmailform.cfm;
http://revenue.alabama.gov/motorvehicle/address.cfm;
http://revenue.alabama.gov/motorvehicle/Title_FAQ.cfm ;
http://revenue.alabama.gov/motorvehicle/Registration_FAQ.cfm;
http://revenue.alabama.gov/motorvehicle/IRPIFTA_Efile_FAQ.cfm;
http://revenue.alabama.gov/motorvehicle/Dealer_FAQ.html;
http://revenue.alabama.gov/motorvehicle/forms.cfm;
http://revenue.alabama.gov/motorvehicle/ETAPS.cfm;
http://revenue.alabama.gov/motorvehicle/mvinfo.cfm;
http://revenue.alabama.gov/motorvehicle/standard.cfm;
http://revenue.alabama.gov/motorvehicle/specialty.cfm;
http://revenue.alabama.gov/motorvehicle/collegeview.cfm;
http://revenue.alabama.gov/motorvehicle/militaryview.cfm;
http://revenue.alabama.gov/motorvehicle/generic.cfm;
http://revenue.alabama.gov/motorvehicle/raceplates.cfm;
http://revenue.alabama.gov/motorvehicle/annualview.cfm;
http://revenue.alabama.gov/motorvehicle/stateorgov.cfm;
http://revenue.alabama.gov/motorvehicle/vintagepassengertags.cfm;
http://revenue.alabama.gov/motorvehicle/vintagemotorcycletags.cfm;
http://revenue.alabama.gov/motorvehicle/vintagetrucktags.cfm;
http://revenue.alabama.gov/motorvehicle/code.cfm;
http://revenue.alabama.gov/motorvehicle/memos.cfm;
http://revenue.alabama.gov/motorvehicle/manuals.cfm;
http://revenue.alabama.gov/motorvehicle/presentations.cfm;
http://revenue.alabama.gov/budget/motor-vehicle-title-statistics.cfm;
http://revenue.alabama.gov/motorvehicle/iac.cfm;
http://revenue.alabama.gov/salestax/staterates.cfm;
http://revenue.alabama.gov/advalorem/rulesandregs/;
http://revenue.alabama.gov/advalorem/sections/land.cfm;
http://revenue.alabama.gov/advalorem/sections/manufacturedhomes.cfm;
http://revenue.alabama.gov/advalorem/sections/realproperty.cfm;
http://revenue.alabama.gov/advalorem/sections/vehicles.cfm;
http://revenue.alabama.gov/advalorem/sections/personalproperty.cfm;
http://revenue.alabama.gov/advalorem/sections/oppal.cfm;
http://revenue.alabama.gov/advalorem/sections/utilities.cfm;
http://revenue.alabama.gov/advalorem/faqs.cfm;
http://revenue.alabama.gov/advalorem/propertyassessment.cfm;
http://revenue.alabama.gov/advalorem/millagerates.cfm;
http://revenue.alabama.gov/advalorem/currentuse/;
http://revenue.alabama.gov/advalorem/currentuse/currentuseapp.cfm;
http://revenue.alabama.gov/advalorem/currentuse/currentuseroll.cfm;
http://revenue.alabama.gov/property/landsales/;
http://revenue.alabama.gov/advalorem/transcript/;
http://revenue.alabama.gov/advalorem/forms/;
http://revenue.alabama.gov/advalorem/sections/mapping.cfm;
http://revenue.alabama.gov/advalorem/links/;
http://revenue.alabama.gov/advalorem/countyoffices/;
http://revenue.alabama.gov/salestax/rules/;
http://revenue.alabama.gov/salestax/sales/index.cfm;
http://revenue.alabama.gov/salestax/cocode.cfm;
http://revenue.alabama.gov/salestax/salestext.cfm;
http://revenue.alabama.gov/salestax/ratechanges.cfm;
http://revenue.alabama.gov/salestax/sales/index.cfm?Action=City;
http://revenue.alabama.gov/salestax/sales/index.cfm?Action=County;
http://revenue.alabama.gov/salestax/interest.cfm;
http://revenue.alabama.gov/salestax/brackets.cfm;
http://revenue.alabama.gov/salestax/assessment.cfm;
http://revenue.alabama.gov/salestax/duedates.cfm;
http://revenue.alabama.gov/salestax/faq.cfm;
http://revenue.alabama.gov/salestax/localgovt.cfm;
http://revenue.alabama.gov/salestax/laws.cfm;
http://revenue.alabama.gov/salestax/notices.cfm;
http://revenue.alabama.gov/salestax/tpservcenters.cfm;
http://revenue.alabama.gov/salestax/stmailform.cfm;
http://revenue.alabama.gov/taxincentives/abatecover.cfm;
http://revenue.alabama.gov/taxincentives/abatefaqs.cfm;
http://revenue.alabama.gov/taxincentives/buspriv.cfm;
http://revenue.alabama.gov/taxincentives/incometaxincentives.cfm;
http://revenue.alabama.gov/taxincentives/proptaxincentives.cfm;
http://revenue.alabama.gov/taxincentives/incentives-salestax.cfm;
http://revenue.alabama.gov/taxincentives/capcrsummary.cfm;
http://revenue.alabama.gov/taxincentives/index.cfm;
http://revenue.alabama.gov/taxincentives/capcrsummary.htm;
http://revenue.alabama.gov/taxincentives/abatecover.htm;
http://www.revenue.alabama.gov/analysis/rules.html;
http://revenue.alabama.gov/rules/commissioner/index.htm;
http://revenue.alabama.gov/licenses/rules.htm;
http://revenue.alabama.gov/advalorem/rulesandregs/rulesandregs.cfm;
http://revenue.alabama.gov/analysis/revenue-procedures.cfm;
http://revenue.alabama.gov/analysis/revenue-rulings-chart.cfm;
http://revenue.alabama.gov/licenses/munbuslic.cfm;
http://revenue.alabama.gov/taxpayerassist/workshop.cfm;
http://revenue.alabama.gov/licenses/notices.cfm;
http://revenue.alabama.gov/licenses/licforms.cfm;
http://revenue.alabama.gov/licenses/census.cfm;
http://revenue.alabama.gov/licenses/blsearch.cfm;
http://revenue.alabama.gov/licenses/dismantlerfaq.cfm;
http://revenue.alabama.gov/licenses/requirements.cfm;
http://revenue.alabama.gov/licenses/rules.cfm;
http://revenue.alabama.gov/motorvehicle/dealer_faq.cfm;
http://revenue.alabama.gov/incometax/pc_online.cfm;
http://revenue.alabama.gov/advalorem/index.cfm;
http://revenue.alabama.gov/motorvehicle/index.cfm;
http://revenue.alabama.gov/taxpayerassist/index.cfm;
http://revenue.alabama.gov/incometax/irsnonfileroutreach.cfm;
http://revenue.alabama.gov/incometax/ICcurrenttaxissues.cfm;
http://revenue.alabama.gov/withholding/bulkfl.cfm;
http://revenue.alabama.gov/incometax/elfmandate.cfm;
http://revenue.alabama.gov/nurulesind.cfm;
http://revenue.alabama.gov/proced.cfm;
http://revenue.alabama.gov/ruleind.cfm;
http://revenue.alabama.gov/voluntarydisclosure.cfm;
http://revenue.alabama.gov/idtheft/;
https://revenue.alabama.gov/idtheft/index.htm;
http://revenue.alabama.gov/MFET/;
http://revenue.alabama.gov/incometax/corpefilevendors.cfm;
http://revenue.alabama.gov/incometax/celfmandate.cfm;
http://revenue.alabama.gov/motorvehicle/etaps.cfm;
http://revenue.alabama.gov/incometax/icindex.cfm/;
http://www.revenue.alabama.gov/salestax/online/templates.cfm;
http://revenue.alabama.gov/salestax/online/taxstathelp.htm;
http://www.revenue.alabama.gov/salestax/online/Bulk_File.html;
http://revenue.alabama.gov/incometax/2015corpefiledocuments.cfm;
http://revenue.alabama.gov/incometax/2014corpefiledocuments.cfm;
http://revenue.alabama.gov/incometax/2013corpefiledocuments.cfm;
http://revenue.alabama.gov/incometax/ICcurrenttaxissues.htm;
http://revenue.alabama.gov/incometax/celfmandate.html;
http://revenue.alabama.gov/incometax/Troubleshooting.htm;
http://revenue.alabama.gov/eft/eftindex.html;
http://revenue.alabama.gov/incometax/PC_ONLINE.htm;
http://revenue.alabama.gov/incometax/IIT_Approved_Professional_Products.cfm;
http://revenue.alabama.gov/incometax/PC_ONLINE.cfm;
http://revenue.alabama.gov/incometax/MEFstatus.cfm;
http://revenue.alabama.gov/incometax/elfmandregs.cfm;
http://revenue.alabama.gov/incometax/Form2300/order.cfm;
http://revenue.alabama.gov/withholding/efiling.html;
http://revenue.alabama.gov/incometax/nonresidentwh.htm;
http://revenue.alabama.gov/accountability/annual_public_report_info-SGO.htm;
http://revenue.alabama.gov/accountability/quarterly_public_report_info-SGO.htm;
http://revenue.alabama.gov/datapress-press-archive.cfm;
http://revenue.alabama.gov/mailinglist/unsubscribe.cfm;
http://revenue.alabama.gov/idquiz/index.htm;
http://revenue.alabama.gov/salestax/oslclindex.cfm;
http://revenue.alabama.gov/analysis/rules.html;
http://revenue.alabama.gov/tobaccotax/rules/ttnewrules.html;
http://revenue.alabama.gov/tobaccotax/rules/numindex.html;
http://revenue.alabama.gov/motorfuels/rules/mfnewrules.html;
http://revenue.alabama.gov/motorfuels/rules/numindex.html;
http://revenue.alabama.gov/motorfuels/racktax.html;
http://revenue.alabama.gov/motorfuels/mfforms.htm;
https://revenue.alabama.gov/motorfuels/inspectfee.html;
https://revenue.alabama.gov/mat-debitblock-codes.html;
http://revenue.alabama.gov/debitblock.cfm;
http://revenue.alabama.gov/index.cfm;
http://revenue.alabama.gov/bus.html;
http://revenue.alabama.gov/tobaccotax/law/coacts.htm;
http://revenue.alabama.gov/mat-debitblock-codes.cfm;
http://revenue.alabama.gov/motorfuels/licenseddist.html;
http://revenue.alabama.gov/incometax/bus_priv_tx/busprivdelinquent.htm;
http://www.revenue.alabama.gov/accountability/administrative-rules.html;
http://revenue.alabama.gov/incometax/1webreghold/810-03-015_3.htm;
http://revenue.alabama.gov/incometax/healthinsurnceded.htm;
http://revenue.alabama.gov/incometax/rules.cfm;
http://revenue.alabama.gov/ruleind.html;
http://revenue.alabama.gov/proced.html;
http://revenue.alabama.gov/eservices.htm;
http://revenue.alabama.gov/incometax/celfmandate_FAQ.cfm;
http://revenue.alabama.gov/Taxincentives/capcrsummary.cfm;
http://revenue.alabama.gov/incometax/reemploymentfaqs.cfm;
http://revenue.alabama.gov/incometax/1webreghold/MultiStatereg27.cfm;
http://revenue.alabama.gov/salestax/register.html;
http://revenue.alabama.gov/servcenters.html;
http://www.revenue.alabama.gov/Withholding/efiling.cfm;
http://revenue.alabama.gov/incometax/esp.cfm;
http://revenue.alabama.gov/motorvehicle/mvrules/810-5-75-.03.html;
http://revenue.alabama.gov/motorvehicle/mvrules/57528.html;
http://revenue.alabama.gov/motorvehicle/mvrules/57529.html;
http://revenue.alabama.gov/motorvehicle/mvrules/57536.html;
http://revenue.alabama.gov/motorvehicle/mvrules/57538.html;
http://revenue.alabama.gov/motorvehicle/mvrules/57546.html;
http://revenue.alabama.gov/motorvehicle/mvrules/57547.html;
http://revenue.alabama.gov/motorvehicle/mvrules/51201.html;
http://revenue.alabama.gov/motorvehicle/mvrules/51202.html;
http://revenue.alabama.gov/motorvehicle/mvrules/51219.html;
http://revenue.alabama.gov/motorvehicle/mvrules/51223.html;
http://revenue.alabama.gov/motorvehicle/mvrules/51226.html;
http://revenue.alabama.gov/motorvehicle/mvrules/51234.html;
http://revenue.alabama.gov/motorvehicle/mvrules/810-5-1-.239.html;
http://revenue.alabama.gov/motorvehicle/mvrules/810-5-1-.241.html;
http://revenue.alabama.gov/motorvehicle/mvrules/810-5-1-.243.html;
http://revenue.alabama.gov/motorvehicle/mvrules/810-5-1-.246.html;
http://revenue.alabama.gov/motorvehicle/mvrules/51484.html;
http://revenue.alabama.gov/motorvehicle/mvrules/810-5-1-.403.html;
http://revenue.alabama.gov/motorvehicle/mvrules/51438.html;
http://revenue.alabama.gov/motorvehicle/mvrules/810-5-1-.454.html;
http://revenue.alabama.gov/motorvehicle/mvrules/51459.html;
http://revenue.alabama.gov/motorvehicle/mvrules/810-5-1-.469.html;
http://revenue.alabama.gov/motorvehicle/mvrules/810-5-1-.476.01.html;
http://revenue.alabama.gov/motorvehicle/mvrules/5901.html;
http://revenue.alabama.gov/motorvehicle/mvrules/810-5-9-.03.html;
http://revenue.alabama.gov/motorvehicle/mvrules/810-5-9-.05.html;
http://revenue.alabama.gov/motorvehicle/mvrules/810-5-9-.06.html;
http://revenue.alabama.gov/motorvehicle/mvrules/810-5-9-.09.html;
http://revenue.alabama.gov/motorvehicle/mvrules/810-5-9-.12.html;
http://revenue.alabama.gov/motorvehicle/mvrules/5801.html;
http://revenue.alabama.gov/motorvehicle/mvrules/5802.html;
http://revenue.alabama.gov/motorvehicle/mvrules/5803.html;
http://revenue.alabama.gov/motorvehicle/statemap.html;
http://revenue.alabama.gov/salestax/online/selfadmin.htm;
http://revenue.alabama.gov/salestax/online/selfadmin.cfm;
http://revenue.alabama.gov/incometax/bpt_index.htm;
http://revenue.alabama.gov/advalorem/index.html;
http://revenue.alabama.gov/advalorem/exemptions/exemptions.cfm;
http://revenue.alabama.gov/advalorem/exemptions/exemptions.htm;
http://revenue.alabama.gov/incometax/FREEFILE_ONLINE.cfm;
http://revenue.alabama.gov/withholding/online/W2FileInstr.cfm;
http://revenue.alabama.gov/withholding/A1A6ErrorCheck.cfm;
http://revenue.alabama.gov/salestax/online/selfadminlist.htm;
http://revenue.alabama.gov/salestax/online/NSA/NSADemoInst.cfm;
http://revenue.alabama.gov//motorfuels/inspectfaq.html;
http://revenue.alabama.gov/motorvehicle/mvrules/mvnumindex.html;
http://revenue.alabama.gov;
http://revenue.alabama.gov/motorvehicle/mvrules/810-5-1-.473.html;
